상가유형,지표,grain,권역,R_ONE_상권,기준_년분기_코드,값
소규모상가,공실률,권역,강남,,20243,5.10213732483002
소규모상가,공실률,권역,강남,,20244,3.96658086116205
소규모상가,공실률,권역,강남,,20251,4.02120869849712
소규모상가,공실률,권역,강남,,20252,4.00957601781517
소규모상가,공실률,권역,강남,,20253,5.52800970109064
소규모상가,공실률,권역,강남,,20254,4.68599418229401
소규모상가,공실률,권역,강남,,20261,3.01146177025427
소규모상가,공실률,권역,강남,,20262,2.81750696541115
소규모상가,공실률,권역,기타,,20243,5.13655523464862
소규모상가,공실률,권역,기타,,20244,4.63600485320645
소규모상가,공실률,권역,기타,,20251,5.05075516683919
소규모상가,공실률,권역,기타,,20252,5.31042432996835
소규모상가,공실률,권역,기타,,20253,6.32544872200403
소규모상가,공실률,권역,기타,,20254,6.37263216733175
소규모상가,공실률,권역,기타,,20261,7.45107669872493
소규모상가,공실률,권역,기타,,20262,7.2258800090097
소규모상가,공실률,권역,도심,,20243,6.19536490870164
소규모상가,공실률,권역,도심,,20244,6.88440916146923
소규모상가,공실률,권역,도심,,20251,6.12060176326805
소규모상가,공실률,권역,도심,,20252,4.20064027691528
소규모상가,공실률,권역,도심,,20253,5.05620270204546
소규모상가,공실률,권역,도심,,20254,5.3693936563512
소규모상가,공실률,권역,도심,,20261,4.76114856978686
소규모상가,공실률,권역,도심,,20262,4.63848862985268
소규모상가,공실률,권역,영등포신촌,,20243,2.764809862666
소규모상가,공실률,권역,영등포신촌,,20244,3.24269039844398
소규모상가,공실률,권역,영등포신촌,,20251,3.64670880729421
소규모상가,공실률,권역,영등포신촌,,20252,3.66403480928953
소규모상가,공실률,권역,영등포신촌,,20253,7.69555784549281
소규모상가,공실률,권역,영등포신촌,,20254,5.39442686904347
소규모상가,공실률,권역,영등포신촌,,20261,6.31019427696684
소규모상가,공실률,권역,영등포신촌,,20262,7.01951509549645
소규모상가,공실률,상권,강남,강남대로,20243,0.0
소규모상가,공실률,상권,강남,강남대로,20244,0.0
소규모상가,공실률,상권,강남,강남대로,20251,15.0108026184257
소규모상가,공실률,상권,강남,강남대로,20252,15.0108026184257
소규모상가,공실률,상권,강남,강남대로,20253,0.0
소규모상가,공실률,상권,강남,강남대로,20254,0.0
소규모상가,공실률,상권,강남,강남대로,20261,0.0
소규모상가,공실률,상권,강남,강남대로,20262,0.0
소규모상가,공실률,상권,강남,교대역,20243,0.0
소규모상가,공실률,상권,강남,교대역,20244,0.0
소규모상가,공실률,상권,강남,교대역,20251,0.0
소규모상가,공실률,상권,강남,교대역,20252,0.483150138905665
소규모상가,공실률,상권,강남,교대역,20253,0.486819365674366
소규모상가,공실률,상권,강남,교대역,20254,0.486819365674366
소규모상가,공실률,상권,강남,교대역,20261,0.491807309895983
소규모상가,공실률,상권,강남,교대역,20262,0.491807309895983
소규모상가,공실률,상권,강남,남부터미널,20243,0.0
소규모상가,공실률,상권,강남,남부터미널,20244,0.0
소규모상가,공실률,상권,강남,남부터미널,20251,0.0
소규모상가,공실률,상권,강남,남부터미널,20252,0.0
소규모상가,공실률,상권,강남,남부터미널,20253,0.0
소규모상가,공실률,상권,강남,남부터미널,20254,1.99123855037834
소규모상가,공실률,상권,강남,남부터미널,20261,1.99123855037834
소규모상가,공실률,상권,강남,남부터미널,20262,4.91596973317403
소규모상가,공실률,상권,강남,논현역,20243,0.0
소규모상가,공실률,상권,강남,논현역,20244,0.0
소규모상가,공실률,상권,강남,논현역,20251,0.0
소규모상가,공실률,상권,강남,논현역,20252,0.0
소규모상가,공실률,상권,강남,논현역,20253,0.0
소규모상가,공실률,상권,강남,논현역,20254,0.0
소규모상가,공실률,상권,강남,논현역,20261,0.0
소규모상가,공실률,상권,강남,논현역,20262,0.0
소규모상가,공실률,상권,강남,도산대로,20243,13.154974178369
소규모상가,공실률,상권,강남,도산대로,20244,6.16611669305553
소규모상가,공실률,상권,강남,도산대로,20251,0.0
소규모상가,공실률,상권,강남,도산대로,20252,0.0
소규모상가,공실률,상권,강남,도산대로,20253,0.0
소규모상가,공실률,상권,강남,도산대로,20254,0.0
소규모상가,공실률,상권,강남,도산대로,20261,0.0
소규모상가,공실률,상권,강남,도산대로,20262,0.0
소규모상가,공실률,상권,강남,신사역,20243,6.797693205863
소규모상가,공실률,상권,강남,신사역,20244,6.797693205863
소규모상가,공실률,상권,강남,신사역,20251,7.55694379411922
소규모상가,공실률,상권,강남,신사역,20252,19.8240862025024
소규모상가,공실률,상권,강남,신사역,20253,26.7527664341301
소규모상가,공실률,상권,강남,신사역,20254,27.4738117121449
소규모상가,공실률,상권,강남,신사역,20261,14.8760431186127
소규모상가,공실률,상권,강남,신사역,20262,14.8760431186127
소규모상가,공실률,상권,강남,압구정,20243,0.0
소규모상가,공실률,상권,강남,압구정,20244,0.0
소규모상가,공실률,상권,강남,압구정,20251,0.0
소규모상가,공실률,상권,강남,압구정,20252,0.0
소규모상가,공실률,상권,강남,압구정,20253,0.0
소규모상가,공실률,상권,강남,압구정,20254,0.0
소규모상가,공실률,상권,강남,압구정,20261,0.0
소규모상가,공실률,상권,강남,압구정,20262,0.0
소규모상가,공실률,상권,강남,청담,20243,17.3743302671685
소규모상가,공실률,상권,강남,청담,20244,14.4404380520891
소규모상가,공실률,상권,강남,청담,20251,9.62561827272362
소규모상가,공실률,상권,강남,청담,20252,0.0
소규모상가,공실률,상권,강남,청담,20253,12.3242469019409
소규모상가,공실률,상권,강남,청담,20254,5.82172222171859
소규모상가,공실률,상권,강남,청담,20261,4.88437236540327
소규모상가,공실률,상권,강남,청담,20262,2.02790292899167
소규모상가,공실률,상권,강남,테헤란로,20243,1.02278217866003
소규모상가,공실률,상권,강남,테헤란로,20244,1.02278217866003
소규모상가,공실률,상권,강남,테헤란로,20251,1.02278217866003
소규모상가,공실률,상권,강남,테헤란로,20252,1.02278217866003
소규모상가,공실률,상권,강남,테헤란로,20253,1.02678444048604
소규모상가,공실률,상권,강남,테헤란로,20254,1.02678444048604
소규모상가,공실률,상권,강남,테헤란로,20261,1.02678444048604
소규모상가,공실률,상권,강남,테헤란로,20262,1.02678444048604
소규모상가,공실률,상권,기타,가락시장,20243,17.1764154077664
소규모상가,공실률,상권,기타,가락시장,20244,0.0
소규모상가,공실률,상권,기타,가락시장,20251,0.0
소규모상가,공실률,상권,기타,가락시장,20252,0.0
소규모상가,공실률,상권,기타,가락시장,20253,0.0
소규모상가,공실률,상권,기타,가락시장,20254,0.638059774748539
소규모상가,공실률,상권,기타,가락시장,20261,4.91207863514106
소규모상가,공실률,상권,기타,가락시장,20262,4.91207863514106
소규모상가,공실률,상권,기타,건대입구,20243,0.0
소규모상가,공실률,상권,기타,건대입구,20244,0.0
소규모상가,공실률,상권,기타,건대입구,20251,5.07732663866493
소규모상가,공실률,상권,기타,건대입구,20252,15.150308180048
소규모상가,공실률,상권,기타,건대입구,20253,18.1958995156021
소규모상가,공실률,상권,기타,건대입구,20254,18.1958995156021
소규모상가,공실률,상권,기타,건대입구,20261,11.196552576399
소규모상가,공실률,상권,기타,건대입구,20262,11.196552576399
소규모상가,공실률,상권,기타,경희대,20243,0.0
소규모상가,공실률,상권,기타,경희대,20244,0.0
소규모상가,공실률,상권,기타,경희대,20251,0.0
소규모상가,공실률,상권,기타,경희대,20252,0.0
소규모상가,공실률,상권,기타,경희대,20253,3.97658356639501
소규모상가,공실률,상권,기타,경희대,20254,4.17425159151891
소규모상가,공실률,상권,기타,경희대,20261,4.27220642715603
소규모상가,공실률,상권,기타,경희대,20262,4.27220642715603
소규모상가,공실률,상권,기타,군자,20243,0.0
소규모상가,공실률,상권,기타,군자,20244,6.7905987315749
소규모상가,공실률,상권,기타,군자,20251,6.7905987315749
소규모상가,공실률,상권,기타,군자,20252,6.7905987315749
소규모상가,공실률,상권,기타,군자,20253,6.7905987315749
소규모상가,공실률,상권,기타,군자,20254,6.83743606138107
소규모상가,공실률,상권,기타,군자,20261,6.83743606138107
소규모상가,공실률,상권,기타,군자,20262,6.83743606138107
소규모상가,공실률,상권,기타,까치산역,20243,3.66018633675896
소규모상가,공실률,상권,기타,까치산역,20244,3.66018633675896
소규모상가,공실률,상권,기타,까치산역,20251,3.66018633675896
소규모상가,공실률,상권,기타,까치산역,20252,7.20909428116341
소규모상가,공실률,상권,기타,까치산역,20253,3.66018633675896
소규모상가,공실률,상권,기타,까치산역,20254,3.82995239671686
소규모상가,공실률,상권,기타,까치산역,20261,3.82995239671686
소규모상가,공실률,상권,기타,까치산역,20262,3.82995239671686
소규모상가,공실률,상권,기타,노량진,20243,3.40869813951825
소규모상가,공실률,상권,기타,노량진,20244,3.40869813951825
소규모상가,공실률,상권,기타,노량진,20251,5.04323870592061
소규모상가,공실률,상권,기타,노량진,20252,1.73676974139365
소규모상가,공실률,상권,기타,노량진,20253,1.73676974139365
소규모상가,공실률,상권,기타,노량진,20254,1.73676974139365
소규모상가,공실률,상권,기타,노량진,20261,1.73676974139365
소규모상가,공실률,상권,기타,노량진,20262,1.73676974139365
소규모상가,공실률,상권,기타,독산/시흥,20243,4.23176239949564
소규모상가,공실률,상권,기타,독산/시흥,20244,7.87798706289781
소규모상가,공실률,상권,기타,독산/시흥,20251,7.87798706289781
소규모상가,공실률,상권,기타,독산/시흥,20252,7.87798706289781
소규모상가,공실률,상권,기타,독산/시흥,20253,11.3540776053407
소규모상가,공실률,상권,기타,독산/시흥,20254,11.3540776053407
소규모상가,공실률,상권,기타,독산/시흥,20261,15.4131150089385
소규모상가,공실률,상권,기타,독산/시흥,20262,15.4131150089385
소규모상가,공실률,상권,기타,뚝섬,20243,5.77190460841824
소규모상가,공실률,상권,기타,뚝섬,20244,1.88584897699464
소규모상가,공실률,상권,기타,뚝섬,20251,1.87741914609925
소규모상가,공실률,상권,기타,뚝섬,20252,4.11439945709633
소규모상가,공실률,상권,기타,뚝섬,20253,7.58919329429829
소규모상가,공실률,상권,기타,뚝섬,20254,5.27266406949698
소규모상가,공실률,상권,기타,뚝섬,20261,14.065203045643
소규모상가,공실률,상권,기타,뚝섬,20262,8.04257106972134
소규모상가,공실률,상권,기타,목동,20243,4.3426149656733
소규모상가,공실률,상권,기타,목동,20244,4.3426149656733
소규모상가,공실률,상권,기타,목동,20251,4.3426149656733
소규모상가,공실률,상권,기타,목동,20252,4.3426149656733
소규모상가,공실률,상권,기타,목동,20253,1.64825681739731
소규모상가,공실률,상권,기타,목동,20254,1.64825681739731
소규모상가,공실률,상권,기타,목동,20261,1.64825681739731
소규모상가,공실률,상권,기타,목동,20262,1.57689061754669
소규모상가,공실률,상권,기타,미아사거리,20243,5.99637602196803
소규모상가,공실률,상권,기타,미아사거리,20244,5.99637602196803
소규모상가,공실률,상권,기타,미아사거리,20251,10.1135139510701
소규모상가,공실률,상권,기타,미아사거리,20252,5.99637602196803
소규모상가,공실률,상권,기타,미아사거리,20253,9.74924811795986
소규모상가,공실률,상권,기타,미아사거리,20254,9.82264579651603
소규모상가,공실률,상권,기타,미아사거리,20261,9.82264579651603
소규모상가,공실률,상권,기타,미아사거리,20262,9.0332654790052
소규모상가,공실률,상권,기타,불광역,20243,7.51354981054247
소규모상가,공실률,상권,기타,불광역,20244,7.51354981054247
소규모상가,공실률,상권,기타,불광역,20251,7.51354981054247
소규모상가,공실률,상권,기타,불광역,20252,7.51354981054247
소규모상가,공실률,상권,기타,불광역,20253,7.51354981054247
소규모상가,공실률,상권,기타,불광역,20254,7.51354981054247
소규모상가,공실률,상권,기타,불광역,20261,13.0629766415655
소규모상가,공실률,상권,기타,불광역,20262,7.12709570281399
소규모상가,공실률,상권,기타,사당,20243,3.43603854693183
소규모상가,공실률,상권,기타,사당,20244,3.43603854693183
소규모상가,공실률,상권,기타,사당,20251,3.43603854693183
소규모상가,공실률,상권,기타,사당,20252,3.43603854693183
소규모상가,공실률,상권,기타,사당,20253,3.43603854693183
소규모상가,공실률,상권,기타,사당,20254,3.39907067556688
소규모상가,공실률,상권,기타,사당,20261,3.39907067556688
소규모상가,공실률,상권,기타,사당,20262,3.39907067556688
소규모상가,공실률,상권,기타,상계역,20243,2.5953036369703
소규모상가,공실률,상권,기타,상계역,20244,2.5953036369703
소규모상가,공실률,상권,기타,상계역,20251,5.19060727394061
소규모상가,공실률,상권,기타,상계역,20252,2.5953036369703
소규모상가,공실률,상권,기타,상계역,20253,2.5953036369703
소규모상가,공실률,상권,기타,상계역,20254,2.61895241903239
소규모상가,공실률,상권,기타,상계역,20261,0.0
소규모상가,공실률,상권,기타,상계역,20262,0.0
소규모상가,공실률,상권,기타,상봉역,20243,0.0
소규모상가,공실률,상권,기타,상봉역,20244,0.0
소규모상가,공실률,상권,기타,상봉역,20251,0.0
소규모상가,공실률,상권,기타,상봉역,20252,0.0
소규모상가,공실률,상권,기타,상봉역,20253,8.06090532365877
소규모상가,공실률,상권,기타,상봉역,20254,0.0
소규모상가,공실률,상권,기타,상봉역,20261,0.0
소규모상가,공실률,상권,기타,상봉역,20262,0.0
소규모상가,공실률,상권,기타,서울대입구역,20243,4.41069134649072
소규모상가,공실률,상권,기타,서울대입구역,20244,2.96552026159056
소규모상가,공실률,상권,기타,서울대입구역,20251,2.96552026159056
소규모상가,공실률,상권,기타,서울대입구역,20252,2.96552026159056
소규모상가,공실률,상권,기타,서울대입구역,20253,2.96552026159056
소규모상가,공실률,상권,기타,서울대입구역,20254,5.05550722374653
소규모상가,공실률,상권,기타,서울대입구역,20261,9.62769635726873
소규모상가,공실률,상권,기타,서울대입구역,20262,10.4314915196264
소규모상가,공실률,상권,기타,성신여대,20243,1.72917307101137
소규모상가,공실률,상권,기타,성신여대,20244,4.58711189671073
소규모상가,공실률,상권,기타,성신여대,20251,4.58711189671073
소규모상가,공실률,상권,기타,성신여대,20252,0.0
소규모상가,공실률,상권,기타,성신여대,20253,0.0
소규모상가,공실률,상권,기타,성신여대,20254,0.0
소규모상가,공실률,상권,기타,성신여대,20261,0.0
소규모상가,공실률,상권,기타,성신여대,20262,0.0
소규모상가,공실률,상권,기타,수유,20243,8.70219253666328
소규모상가,공실률,상권,기타,수유,20244,8.70219253666328
소규모상가,공실률,상권,기타,수유,20251,8.70219253666328
소규모상가,공실률,상권,기타,수유,20252,8.55452848178958
소규모상가,공실률,상권,기타,수유,20253,8.55452848178958
소규모상가,공실률,상권,기타,수유,20254,8.55452848178958
소규모상가,공실률,상권,기타,수유,20261,9.377836902716
소규모상가,공실률,상권,기타,수유,20262,14.2486026023854
소규모상가,공실률,상권,기타,숙명여대,20243,0.0
소규모상가,공실률,상권,기타,숙명여대,20244,0.0
소규모상가,공실률,상권,기타,숙명여대,20251,0.0
소규모상가,공실률,상권,기타,숙명여대,20252,0.0
소규모상가,공실률,상권,기타,숙명여대,20253,0.0
소규모상가,공실률,상권,기타,숙명여대,20254,0.0
소규모상가,공실률,상권,기타,숙명여대,20261,8.0492254856366
소규모상가,공실률,상권,기타,숙명여대,20262,8.0492254856366
소규모상가,공실률,상권,기타,신림역,20243,0.870842889908257
소규모상가,공실률,상권,기타,신림역,20244,0.870842889908257
소규모상가,공실률,상권,기타,신림역,20251,0.870842889908257
소규모상가,공실률,상권,기타,신림역,20252,0.870842889908257
소규모상가,공실률,상권,기타,신림역,20253,0.870842889908257
소규모상가,공실률,상권,기타,신림역,20254,4.98247919404293
소규모상가,공실률,상권,기타,신림역,20261,4.98247919404293
소규모상가,공실률,상권,기타,신림역,20262,2.69838662578479
소규모상가,공실률,상권,기타,약수역,20243,7.98867880361342
소규모상가,공실률,상권,기타,약수역,20244,7.98867880361342
소규모상가,공실률,상권,기타,약수역,20251,7.98867880361342
소규모상가,공실률,상권,기타,약수역,20252,7.98867880361342
소규모상가,공실률,상권,기타,약수역,20253,7.98867880361342
소규모상가,공실률,상권,기타,약수역,20254,15.0197376121213
소규모상가,공실률,상권,기타,약수역,20261,7.98867880361342
소규모상가,공실률,상권,기타,약수역,20262,7.98867880361342
소규모상가,공실률,상권,기타,연신내,20243,2.70926918481635
소규모상가,공실률,상권,기타,연신내,20244,2.70926918481635
소규모상가,공실률,상권,기타,연신내,20251,3.00228942924462
소규모상가,공실률,상권,기타,연신내,20252,3.00228942924462
소규모상가,공실률,상권,기타,연신내,20253,3.00228942924462
소규모상가,공실률,상권,기타,연신내,20254,3.00228942924462
소규모상가,공실률,상권,기타,연신내,20261,7.45900052730294
소규모상가,공실률,상권,기타,연신내,20262,2.96491099259773
소규모상가,공실률,상권,기타,오류동역,20243,7.87544061374903
소규모상가,공실률,상권,기타,오류동역,20244,7.87544061374903
소규모상가,공실률,상권,기타,오류동역,20251,10.4974458539896
소규모상가,공실률,상권,기타,오류동역,20252,15.6924468907278
소규모상가,공실률,상권,기타,오류동역,20253,10.4974458539896
소규모상가,공실률,상권,기타,오류동역,20254,10.4974458539896
소규모상가,공실률,상권,기타,오류동역,20261,10.4974458539896
소규모상가,공실률,상권,기타,오류동역,20262,10.4974458539896
소규모상가,공실률,상권,기타,왕십리,20243,0.0
소규모상가,공실률,상권,기타,왕십리,20244,6.11502924935761
소규모상가,공실률,상권,기타,왕십리,20251,0.0
소규모상가,공실률,상권,기타,왕십리,20252,2.40965502159532
소규모상가,공실률,상권,기타,왕십리,20253,0.0
소규모상가,공실률,상권,기타,왕십리,20254,0.0
소규모상가,공실률,상권,기타,왕십리,20261,0.0
소규모상가,공실률,상권,기타,왕십리,20262,0.0
소규모상가,공실률,상권,기타,용산역,20243,11.0827076104464
소규모상가,공실률,상권,기타,용산역,20244,11.3900263645033
소규모상가,공실률,상권,기타,용산역,20251,11.3900263645033
소규모상가,공실률,상권,기타,용산역,20252,11.3900263645033
소규모상가,공실률,상권,기타,용산역,20253,14.3757766547925
소규모상가,공실률,상권,기타,용산역,20254,17.2922707315053
소규모상가,공실률,상권,기타,용산역,20261,14.3606191027975
소규모상가,공실률,상권,기타,용산역,20262,12.0141532858798
소규모상가,공실률,상권,기타,이태원,20243,13.9480465852521
소규모상가,공실률,상권,기타,이태원,20244,13.9480465852521
소규모상가,공실률,상권,기타,이태원,20251,3.85089245838018
소규모상가,공실률,상권,기타,이태원,20252,3.85089245838018
소규모상가,공실률,상권,기타,이태원,20253,3.85089245838018
소규모상가,공실률,상권,기타,이태원,20254,3.85089245838018
소규모상가,공실률,상권,기타,이태원,20261,3.85089245838018
소규모상가,공실률,상권,기타,이태원,20262,3.85089245838018
소규모상가,공실률,상권,기타,잠실/송파,20243,6.74292826576504
소규모상가,공실률,상권,기타,잠실/송파,20244,6.74292826576504
소규모상가,공실률,상권,기타,잠실/송파,20251,6.74292826576504
소규모상가,공실률,상권,기타,잠실/송파,20252,6.74292826576504
소규모상가,공실률,상권,기타,잠실/송파,20253,6.74292826576504
소규모상가,공실률,상권,기타,잠실/송파,20254,6.74292826576504
소규모상가,공실률,상권,기타,잠실/송파,20261,6.5731457912479
소규모상가,공실률,상권,기타,잠실/송파,20262,6.5731457912479
소규모상가,공실률,상권,기타,잠실새내역,20243,9.74290441644393
소규모상가,공실률,상권,기타,잠실새내역,20244,9.74290441644393
소규모상가,공실률,상권,기타,잠실새내역,20251,16.6724518958196
소규모상가,공실률,상권,기타,잠실새내역,20252,15.5836717692388
소규모상가,공실률,상권,기타,잠실새내역,20253,15.5836717692388
소규모상가,공실률,상권,기타,잠실새내역,20254,17.3337035879991
소규모상가,공실률,상권,기타,잠실새내역,20261,17.3337035879991
소규모상가,공실률,상권,기타,잠실새내역,20262,19.0837354067595
소규모상가,공실률,상권,기타,장안동,20243,12.5968228200371
소규모상가,공실률,상권,기타,장안동,20244,12.5968228200371
소규모상가,공실률,상권,기타,장안동,20251,12.5968228200371
소규모상가,공실률,상권,기타,장안동,20252,12.5968228200371
소규모상가,공실률,상권,기타,장안동,20253,12.5968228200371
소규모상가,공실률,상권,기타,장안동,20254,12.5968228200371
소규모상가,공실률,상권,기타,장안동,20261,12.5968228200371
소규모상가,공실률,상권,기타,장안동,20262,12.5968228200371
소규모상가,공실률,상권,기타,천호,20243,2.2793133820573
소규모상가,공실률,상권,기타,천호,20244,0.0
소규모상가,공실률,상권,기타,천호,20251,0.0
소규모상가,공실률,상권,기타,천호,20252,1.68427139293615
소규모상가,공실률,상권,기타,천호,20253,3.96358477499344
소규모상가,공실률,상권,기타,천호,20254,1.68427139293615
소규모상가,공실률,상권,기타,천호,20261,5.00440398308333
소규모상가,공실률,상권,기타,천호,20262,5.00440398308333
소규모상가,공실률,상권,기타,청량리,20243,0.815394760184903
소규모상가,공실률,상권,기타,청량리,20244,0.815394760184903
소규모상가,공실률,상권,기타,청량리,20251,0.0
소규모상가,공실률,상권,기타,청량리,20252,0.0
소규모상가,공실률,상권,기타,청량리,20253,1.9641775257656
소규모상가,공실률,상권,기타,청량리,20254,1.17154419566796
소규모상가,공실률,상권,기타,청량리,20261,2.06995123028877
소규모상가,공실률,상권,기타,청량리,20262,7.02893044709474
소규모상가,공실률,상권,기타,혜화동,20243,0.554602620580407
소규모상가,공실률,상권,기타,혜화동,20244,0.554602620580407
소규모상가,공실률,상권,기타,혜화동,20251,0.554602620580407
소규모상가,공실률,상권,기타,혜화동,20252,0.558531852759409
소규모상가,공실률,상권,기타,혜화동,20253,3.32276284860164
소규모상가,공실률,상권,기타,혜화동,20254,0.561011702300988
소규모상가,공실률,상권,기타,혜화동,20261,0.561011702300988
소규모상가,공실률,상권,기타,혜화동,20262,2.12870907400035
소규모상가,공실률,상권,기타,화곡,20243,10.4002571933773
소규모상가,공실률,상권,기타,화곡,20244,10.4002571933773
소규모상가,공실률,상권,기타,화곡,20251,10.4002571933773
소규모상가,공실률,상권,기타,화곡,20252,6.16804831561301
소규모상가,공실률,상권,기타,화곡,20253,6.16804831561301
소규모상가,공실률,상권,기타,화곡,20254,6.25625975356952
소규모상가,공실률,상권,기타,화곡,20261,8.05615726830177
소규모상가,공실률,상권,기타,화곡,20262,9.24871311112664
소규모상가,공실률,상권,도심,광화문,20243,0.944655669105075
소규모상가,공실률,상권,도심,광화문,20244,0.944655669105075
소규모상가,공실률,상권,도심,광화문,20251,0.944655669105075
소규모상가,공실률,상권,도심,광화문,20252,0.944655669105075
소규모상가,공실률,상권,도심,광화문,20253,0.944655669105075
소규모상가,공실률,상권,도심,광화문,20254,0.944655669105075
소규모상가,공실률,상권,도심,광화문,20261,0.944655669105075
소규모상가,공실률,상권,도심,광화문,20262,0.944655669105075
소규모상가,공실률,상권,도심,남대문,20243,6.20952553320249
소규모상가,공실률,상권,도심,남대문,20244,14.0490585886465
소규모상가,공실률,상권,도심,남대문,20251,16.4799303202891
소규모상가,공실률,상권,도심,남대문,20252,3.30372945134493
소규모상가,공실률,상권,도심,남대문,20253,2.98377367114711
소규모상가,공실률,상권,도심,남대문,20254,2.98377367114711
소규모상가,공실률,상권,도심,남대문,20261,4.95343508528242
소규모상가,공실률,상권,도심,남대문,20262,6.05940679941667
소규모상가,공실률,상권,도심,동대문,20243,11.7326775073719
소규모상가,공실률,상권,도심,동대문,20244,11.7326775073719
소규모상가,공실률,상권,도심,동대문,20251,6.29751894655911
소규모상가,공실률,상권,도심,동대문,20252,10.8965597197984
소규모상가,공실률,상권,도심,동대문,20253,14.9384923298471
소규모상가,공실률,상권,도심,동대문,20254,13.3751723801272
소규모상가,공실률,상권,도심,동대문,20261,13.3751723801272
소규모상가,공실률,상권,도심,동대문,20262,9.80797158931426
소규모상가,공실률,상권,도심,명동,20243,2.39000718617026
소규모상가,공실률,상권,도심,명동,20244,2.39000718617026
소규모상가,공실률,상권,도심,명동,20251,1.19500359308513
소규모상가,공실률,상권,도심,명동,20252,1.19500359308513
소규모상가,공실률,상권,도심,명동,20253,1.19500359308513
소규모상가,공실률,상권,도심,명동,20254,5.29435037828323
소규모상가,공실률,상권,도심,명동,20261,5.29435037828323
소규모상가,공실률,상권,도심,명동,20262,5.29435037828323
소규모상가,공실률,상권,도심,방산시장,20243,4.9916302719847
소규모상가,공실률,상권,도심,방산시장,20244,4.9916302719847
소규모상가,공실률,상권,도심,방산시장,20251,10.5018060992033
소규모상가,공실률,상권,도심,방산시장,20252,10.5018060992033
소규모상가,공실률,상권,도심,방산시장,20253,10.5018060992033
소규모상가,공실률,상권,도심,방산시장,20254,10.5018060992033
소규모상가,공실률,상권,도심,방산시장,20261,5.0251510966385
소규모상가,공실률,상권,도심,방산시장,20262,9.87164704838894
소규모상가,공실률,상권,도심,북촌,20243,25.9012294227964
소규모상가,공실률,상권,도심,북촌,20244,10.0678025870774
소규모상가,공실률,상권,도심,북촌,20251,10.0678025870774
소규모상가,공실률,상권,도심,북촌,20252,0.0
소규모상가,공실률,상권,도심,북촌,20253,0.0
소규모상가,공실률,상권,도심,북촌,20254,25.9012294227964
소규모상가,공실률,상권,도심,북촌,20261,0.0
소규모상가,공실률,상권,도심,북촌,20262,0.0
소규모상가,공실률,상권,도심,서촌,20243,4.03159661320648
소규모상가,공실률,상권,도심,서촌,20244,7.78558719983848
소규모상가,공실률,상권,도심,서촌,20251,4.03159661320648
소규모상가,공실률,상권,도심,서촌,20252,2.51738192280029
소규모상가,공실률,상권,도심,서촌,20253,4.03159661320648
소규모상가,공실률,상권,도심,서촌,20254,4.03159661320648
소규모상가,공실률,상권,도심,서촌,20261,4.03159661320648
소규모상가,공실률,상권,도심,서촌,20262,8.61966712513723
소규모상가,공실률,상권,도심,시청,20243,6.60397301781516
소규모상가,공실률,상권,도심,시청,20244,4.26961685553769
소규모상가,공실률,상권,도심,시청,20251,4.26961685553769
소규모상가,공실률,상권,도심,시청,20252,4.26961685553769
소규모상가,공실률,상권,도심,시청,20253,5.32661127588836
소규모상가,공실률,상권,도심,시청,20254,4.26961685553769
소규모상가,공실률,상권,도심,시청,20261,8.07543737147909
소규모상가,공실률,상권,도심,시청,20262,8.07543737147909
소규모상가,공실률,상권,도심,을지로,20243,2.5903100817027
소규모상가,공실률,상권,도심,을지로,20244,2.5903100817027
소규모상가,공실률,상권,도심,을지로,20251,2.5903100817027
소규모상가,공실률,상권,도심,을지로,20252,2.5903100817027
소규모상가,공실률,상권,도심,을지로,20253,2.5903100817027
소규모상가,공실률,상권,도심,을지로,20254,2.5903100817027
소규모상가,공실률,상권,도심,을지로,20261,2.5903100817027
소규모상가,공실률,상권,도심,을지로,20262,2.5903100817027
소규모상가,공실률,상권,도심,종로,20243,5.24147520019225
소규모상가,공실률,상권,도심,종로,20244,7.78940261315619
소규모상가,공실률,상권,도심,종로,20251,7.78940261315619
소규모상가,공실률,상권,도심,종로,20252,2.55841611463175
소규모상가,공실률,상권,도심,종로,20253,2.52529978365105
소규모상가,공실률,상권,도심,종로,20254,0.0
소규모상가,공실률,상권,도심,종로,20261,0.0
소규모상가,공실률,상권,도심,종로,20262,0.0
소규모상가,공실률,상권,도심,충무로,20243,1.01701407087852
소규모상가,공실률,상권,도심,충무로,20244,1.01701407087852
소규모상가,공실률,상권,도심,충무로,20251,1.01701407087852
소규모상가,공실률,상권,도심,충무로,20252,1.01701407087852
소규모상가,공실률,상권,도심,충무로,20253,1.01701407087852
소규모상가,공실률,상권,도심,충무로,20254,1.01701407087852
소규모상가,공실률,상권,도심,충무로,20261,1.01701407087852
소규모상가,공실률,상권,도심,충무로,20262,1.01701407087852
소규모상가,공실률,상권,영등포신촌,공덕역,20243,1.10480177042768
소규모상가,공실률,상권,영등포신촌,공덕역,20244,1.10480177042768
소규모상가,공실률,상권,영등포신촌,공덕역,20251,1.10480177042768
소규모상가,공실률,상권,영등포신촌,공덕역,20252,1.10480177042768
소규모상가,공실률,상권,영등포신촌,공덕역,20253,3.18230944742756
소규모상가,공실률,상권,영등포신촌,공덕역,20254,1.10480177042768
소규모상가,공실률,상권,영등포신촌,공덕역,20261,10.4298548089185
소규모상가,공실률,상권,영등포신촌,공덕역,20262,4.5318602643061
소규모상가,공실률,상권,영등포신촌,당산역,20243,0.0
소규모상가,공실률,상권,영등포신촌,당산역,20244,0.0
소규모상가,공실률,상권,영등포신촌,당산역,20251,0.0
소규모상가,공실률,상권,영등포신촌,당산역,20252,0.0
소규모상가,공실률,상권,영등포신촌,당산역,20253,0.0
소규모상가,공실률,상권,영등포신촌,당산역,20254,0.0
소규모상가,공실률,상권,영등포신촌,당산역,20261,0.0
소규모상가,공실률,상권,영등포신촌,당산역,20262,0.0
소규모상가,공실률,상권,영등포신촌,동교/연남,20243,2.35029045702892
소규모상가,공실률,상권,영등포신촌,동교/연남,20244,2.35029045702892
소규모상가,공실률,상권,영등포신촌,동교/연남,20251,2.35029045702892
소규모상가,공실률,상권,영등포신촌,동교/연남,20252,2.35029045702892
소규모상가,공실률,상권,영등포신촌,동교/연남,20253,2.35029045702892
소규모상가,공실률,상권,영등포신촌,동교/연남,20254,0.0
소규모상가,공실률,상권,영등포신촌,동교/연남,20261,0.0
소규모상가,공실률,상권,영등포신촌,동교/연남,20262,0.0
소규모상가,공실률,상권,영등포신촌,망원역,20243,0.0
소규모상가,공실률,상권,영등포신촌,망원역,20244,3.78525752758945
소규모상가,공실률,상권,영등포신촌,망원역,20251,10.8443075450199
소규모상가,공실률,상권,영등포신촌,망원역,20252,10.1788306546024
소규모상가,공실률,상권,영등포신촌,망원역,20253,8.02682719974193
소규모상가,공실률,상권,영등포신촌,망원역,20254,0.967777182311531
소규모상가,공실률,상권,영등포신촌,망원역,20261,0.967777182311531
소규모상가,공실률,상권,영등포신촌,망원역,20262,0.967777182311531
소규모상가,공실률,상권,영등포신촌,신촌/이대,20243,9.49302143208723
소규모상가,공실률,상권,영등포신촌,신촌/이대,20244,9.49302143208723
소규모상가,공실률,상권,영등포신촌,신촌/이대,20251,8.41869721119191
소규모상가,공실률,상권,영등포신촌,신촌/이대,20252,8.4676973028816
소규모상가,공실률,상권,영등포신촌,신촌/이대,20253,15.1025716710327
소규모상가,공실률,상권,영등포신촌,신촌/이대,20254,15.1025716710327
소규모상가,공실률,상권,영등포신촌,신촌/이대,20261,15.1025716710327
소규모상가,공실률,상권,영등포신촌,신촌/이대,20262,19.5356602590119
소규모상가,공실률,상권,영등포신촌,영등포역,20243,1.59010095697609
소규모상가,공실률,상권,영등포신촌,영등포역,20244,1.59010095697609
소규모상가,공실률,상권,영등포신촌,영등포역,20251,0.0
소규모상가,공실률,상권,영등포신촌,영등포역,20252,0.432232346241458
소규모상가,공실률,상권,영등포신촌,영등포역,20253,4.03269354186634
소규모상가,공실률,상권,영등포신촌,영등포역,20254,0.0
소규모상가,공실률,상권,영등포신촌,영등포역,20261,0.815924955259832
소규모상가,공실률,상권,영등포신촌,영등포역,20262,3.07654031986746
소규모상가,공실률,상권,영등포신촌,홍대/합정,20243,4.63510000394951
소규모상가,공실률,상권,영등포신촌,홍대/합정,20244,4.63510000394951
소규모상가,공실률,상권,영등포신촌,홍대/합정,20251,4.63510000394951
소규모상가,공실률,상권,영등포신촌,홍대/합정,20252,4.63510000394951
소규모상가,공실률,상권,영등포신촌,홍대/합정,20253,14.2433317148081
소규모상가,공실률,상권,영등포신촌,홍대/합정,20254,14.2433317148081
소규모상가,공실률,상권,영등포신촌,홍대/합정,20261,12.9976093840389
소규모상가,공실률,상권,영등포신촌,홍대/합정,20262,14.908475883587
소규모상가,공실률,서울전체,,,20243,4.93900785500498
소규모상가,공실률,서울전체,,,20244,4.76583222975273
소규모상가,공실률,서울전체,,,20251,5.2657754574563
소규모상가,공실률,서울전체,,,20252,5.07669224661225
소규모상가,공실률,서울전체,,,20253,6.59908753138057
소규모상가,공실률,서울전체,,,20254,5.92186617648155
소규모상가,공실률,서울전체,,,20261,6.30625319623929
소규모상가,공실률,서울전체,,,20262,6.37793361121874
중대형상가,공실률,권역,강남,,20243,8.41771354475533
중대형상가,공실률,권역,강남,,20244,8.73607925519798
중대형상가,공실률,권역,강남,,20251,8.93011341951658
중대형상가,공실률,권역,강남,,20252,8.7608308528195
중대형상가,공실률,권역,강남,,20253,9.29186676093246
중대형상가,공실률,권역,강남,,20254,9.73624449623084
중대형상가,공실률,권역,강남,,20261,10.6803087431816
중대형상가,공실률,권역,강남,,20262,11.0698859687156
중대형상가,공실률,권역,기타,,20243,7.90564884505713
중대형상가,공실률,권역,기타,,20244,8.18577255874278
중대형상가,공실률,권역,기타,,20251,8.00540630438173
중대형상가,공실률,권역,기타,,20252,7.7874913147278
중대형상가,공실률,권역,기타,,20253,7.94196963191612
중대형상가,공실률,권역,기타,,20254,8.31934620483996
중대형상가,공실률,권역,기타,,20261,8.49072385554444
중대형상가,공실률,권역,기타,,20262,8.65466264992174
중대형상가,공실률,권역,도심,,20243,13.1665505750749
중대형상가,공실률,권역,도심,,20244,12.3390834341839
중대형상가,공실률,권역,도심,,20251,12.4626296992152
중대형상가,공실률,권역,도심,,20252,11.9129778984308
중대형상가,공실률,권역,도심,,20253,11.0302194966564
중대형상가,공실률,권역,도심,,20254,11.3129694024302
중대형상가,공실률,권역,도심,,20261,10.2104940900056
중대형상가,공실률,권역,도심,,20262,11.1922401810565
중대형상가,공실률,권역,영등포신촌,,20243,8.71977616057236
중대형상가,공실률,권역,영등포신촌,,20244,9.16731028123404
중대형상가,공실률,권역,영등포신촌,,20251,9.75948373396314
중대형상가,공실률,권역,영등포신촌,,20252,9.40321940803351
중대형상가,공실률,권역,영등포신촌,,20253,9.31013523732833
중대형상가,공실률,권역,영등포신촌,,20254,8.71117194583787
중대형상가,공실률,권역,영등포신촌,,20261,8.47824761628618
중대형상가,공실률,권역,영등포신촌,,20262,8.98731000683951
중대형상가,공실률,상권,강남,강남대로,20243,10.2992605331576
중대형상가,공실률,상권,강남,강남대로,20244,12.0800354337598
중대형상가,공실률,상권,강남,강남대로,20251,12.5489459962292
중대형상가,공실률,상권,강남,강남대로,20252,7.15336902901484
중대형상가,공실률,상권,강남,강남대로,20253,4.97450705189112
중대형상가,공실률,상권,강남,강남대로,20254,6.34231432405426
중대형상가,공실률,상권,강남,강남대로,20261,6.89375178575999
중대형상가,공실률,상권,강남,강남대로,20262,6.89375178575999
중대형상가,공실률,상권,강남,교대역,20243,4.66431573962333
중대형상가,공실률,상권,강남,교대역,20244,5.10705545525202
중대형상가,공실률,상권,강남,교대역,20251,4.17158719492365
중대형상가,공실률,상권,강남,교대역,20252,2.60230888869528
중대형상가,공실률,상권,강남,교대역,20253,2.90409649612382
중대형상가,공실률,상권,강남,교대역,20254,2.90409649612382
중대형상가,공실률,상권,강남,교대역,20261,2.89792876311506
중대형상가,공실률,상권,강남,교대역,20262,3.73656792830593
중대형상가,공실률,상권,강남,남부터미널,20243,4.67878087195878
중대형상가,공실률,상권,강남,남부터미널,20244,3.7656886006025
중대형상가,공실률,상권,강남,남부터미널,20251,3.7656886006025
중대형상가,공실률,상권,강남,남부터미널,20252,5.61738775270872
중대형상가,공실률,상권,강남,남부터미널,20253,4.21975414925626
중대형상가,공실률,상권,강남,남부터미널,20254,5.15410749923192
중대형상가,공실률,상권,강남,남부터미널,20261,5.15410749923192
중대형상가,공실률,상권,강남,남부터미널,20262,7.75258091637716
중대형상가,공실률,상권,강남,논현역,20243,12.8456894750423
중대형상가,공실률,상권,강남,논현역,20244,14.1899800568658
중대형상가,공실률,상권,강남,논현역,20251,16.613271434379
중대형상가,공실률,상권,강남,논현역,20252,12.9705681450502
중대형상가,공실률,상권,강남,논현역,20253,12.9705681450502
중대형상가,공실률,상권,강남,논현역,20254,13.716850216305
중대형상가,공실률,상권,강남,논현역,20261,13.5845506728822
중대형상가,공실률,상권,강남,논현역,20262,17.2765947247954
중대형상가,공실률,상권,강남,도산대로,20243,6.43960773612344
중대형상가,공실률,상권,강남,도산대로,20244,7.99871502146812
중대형상가,공실률,상권,강남,도산대로,20251,7.99871502146812
중대형상가,공실률,상권,강남,도산대로,20252,6.462820251538
중대형상가,공실률,상권,강남,도산대로,20253,9.57930770054473
중대형상가,공실률,상권,강남,도산대로,20254,7.20810780002694
중대형상가,공실률,상권,강남,도산대로,20261,8.52224014590724
중대형상가,공실률,상권,강남,도산대로,20262,9.62276208207973
중대형상가,공실률,상권,강남,방배역/내방역,20243,5.85373468674876
중대형상가,공실률,상권,강남,방배역/내방역,20244,7.61785626332455
중대형상가,공실률,상권,강남,방배역/내방역,20251,6.70866980668389
중대형상가,공실률,상권,강남,방배역/내방역,20252,5.85641376510459
중대형상가,공실률,상권,강남,방배역/내방역,20253,5.85641376510459
중대형상가,공실률,상권,강남,방배역/내방역,20254,8.80368847264712
중대형상가,공실률,상권,강남,방배역/내방역,20261,8.53191658174332
중대형상가,공실률,상권,강남,방배역/내방역,20262,9.64507363859027
중대형상가,공실률,상권,강남,서래마을,20243,3.63642778417358
중대형상가,공실률,상권,강남,서래마을,20244,1.87512415564574
중대형상가,공실률,상권,강남,서래마을,20251,1.87512415564574
중대형상가,공실률,상권,강남,서래마을,20252,1.87512415564574
중대형상가,공실률,상권,강남,서래마을,20253,2.67831051681729
중대형상가,공실률,상권,강남,서래마을,20254,6.13627865328691
중대형상가,공실률,상권,강남,서래마을,20261,7.39149086176455
중대형상가,공실률,상권,강남,서래마을,20262,9.05588007466276
중대형상가,공실률,상권,강남,신사역,20243,16.1310181154585
중대형상가,공실률,상권,강남,신사역,20244,14.426779196767
중대형상가,공실률,상권,강남,신사역,20251,14.2738566697299
중대형상가,공실률,상권,강남,신사역,20252,13.3371631940075
중대형상가,공실률,상권,강남,신사역,20253,14.8115907948577
중대형상가,공실률,상권,강남,신사역,20254,15.6141081890947
중대형상가,공실률,상권,강남,신사역,20261,17.6233067305848
중대형상가,공실률,상권,강남,신사역,20262,18.2274895985247
중대형상가,공실률,상권,강남,압구정,20243,2.66212689796887
중대형상가,공실률,상권,강남,압구정,20244,2.66212689796887
중대형상가,공실률,상권,강남,압구정,20251,2.79487376194973
중대형상가,공실률,상권,강남,압구정,20252,2.79487376194973
중대형상가,공실률,상권,강남,압구정,20253,2.8271422558307
중대형상가,공실률,상권,강남,압구정,20254,5.78767017540438
중대형상가,공실률,상권,강남,압구정,20261,7.75834889431695
중대형상가,공실률,상권,강남,압구정,20262,7.9209875820913
중대형상가,공실률,상권,강남,양재말죽거리,20243,3.16300172861428
중대형상가,공실률,상권,강남,양재말죽거리,20244,3.10640464756315
중대형상가,공실률,상권,강남,양재말죽거리,20251,2.6564066672161
중대형상가,공실률,상권,강남,양재말죽거리,20252,5.79556449894516
중대형상가,공실률,상권,강남,양재말죽거리,20253,8.31854635062558
중대형상가,공실률,상권,강남,양재말죽거리,20254,3.92655046289831
중대형상가,공실률,상권,강남,양재말죽거리,20261,7.19933395424052
중대형상가,공실률,상권,강남,양재말죽거리,20262,7.19933395424052
중대형상가,공실률,상권,강남,양재역,20243,12.8797622824787
중대형상가,공실률,상권,강남,양재역,20244,13.7414882971713
중대형상가,공실률,상권,강남,양재역,20251,14.8918800185488
중대형상가,공실률,상권,강남,양재역,20252,15.3487662607083
중대형상가,공실률,상권,강남,양재역,20253,16.8582359114539
중대형상가,공실률,상권,강남,양재역,20254,9.92557712424334
중대형상가,공실률,상권,강남,양재역,20261,13.7554848124877
중대형상가,공실률,상권,강남,양재역,20262,13.329599860117
중대형상가,공실률,상권,강남,청담,20243,12.0709404926208
중대형상가,공실률,상권,강남,청담,20244,12.6657937428596
중대형상가,공실률,상권,강남,청담,20251,13.8039690930621
중대형상가,공실률,상권,강남,청담,20252,23.9681125306316
중대형상가,공실률,상권,강남,청담,20253,23.6308508118291
중대형상가,공실률,상권,강남,청담,20254,27.377914020966
중대형상가,공실률,상권,강남,청담,20261,29.8915217737928
중대형상가,공실률,상권,강남,청담,20262,27.0258881937228
중대형상가,공실률,상권,강남,테헤란로,20243,6.61677508348343
중대형상가,공실률,상권,강남,테헤란로,20244,6.63861012462406
중대형상가,공실률,상권,강남,테헤란로,20251,7.07190386019105
중대형상가,공실률,상권,강남,테헤란로,20252,7.3384670368291
중대형상가,공실률,상권,강남,테헤란로,20253,8.08505098339652
중대형상가,공실률,상권,강남,테헤란로,20254,8.9092476138794
중대형상가,공실률,상권,강남,테헤란로,20261,9.04932599017198
중대형상가,공실률,상권,강남,테헤란로,20262,9.04932599017198
중대형상가,공실률,상권,강남,학동/강남구청역,20243,11.3650352867982
중대형상가,공실률,상권,강남,학동/강남구청역,20244,10.621192983435
중대형상가,공실률,상권,강남,학동/강남구청역,20251,10.501064440325
중대형상가,공실률,상권,강남,학동/강남구청역,20252,12.7929871024971
중대형상가,공실률,상권,강남,학동/강남구청역,20253,16.6532442466599
중대형상가,공실률,상권,강남,학동/강남구청역,20254,16.8169618161548
중대형상가,공실률,상권,강남,학동/강남구청역,20261,11.8837360159884
중대형상가,공실률,상권,강남,학동/강남구청역,20262,10.1900428911273
중대형상가,공실률,상권,기타,가락시장,20243,12.1212353777231
중대형상가,공실률,상권,기타,가락시장,20244,12.0625417581556
중대형상가,공실률,상권,기타,가락시장,20251,12.0625417581556
중대형상가,공실률,상권,기타,가락시장,20252,10.1538217613441
중대형상가,공실률,상권,기타,가락시장,20253,10.1538217613441
중대형상가,공실률,상권,기타,가락시장,20254,11.8165867122355
중대형상가,공실률,상권,기타,가락시장,20261,11.1864108485344
중대형상가,공실률,상권,기타,가락시장,20262,11.1864108485344
중대형상가,공실률,상권,기타,건대입구,20243,7.73648444340081
중대형상가,공실률,상권,기타,건대입구,20244,7.21220141664837
중대형상가,공실률,상권,기타,건대입구,20251,7.22805576152886
중대형상가,공실률,상권,기타,건대입구,20252,7.95790044887955
중대형상가,공실률,상권,기타,건대입구,20253,10.7900530602972
중대형상가,공실률,상권,기타,건대입구,20254,10.8935149191565
중대형상가,공실률,상권,기타,건대입구,20261,10.7987702258672
중대형상가,공실률,상권,기타,건대입구,20262,9.54246322037158
중대형상가,공실률,상권,기타,경희대,20243,4.92978808570543
중대형상가,공실률,상권,기타,경희대,20244,3.02045411625875
중대형상가,공실률,상권,기타,경희대,20251,3.02045411625875
중대형상가,공실률,상권,기타,경희대,20252,2.34675225282614
중대형상가,공실률,상권,기타,경희대,20253,4.80265577322559
중대형상가,공실률,상권,기타,경희대,20254,4.80265577322559
중대형상가,공실률,상권,기타,경희대,20261,3.00897877604202
중대형상가,공실률,상권,기타,경희대,20262,5.23320692387693
중대형상가,공실률,상권,기타,구로디지털단지역,20243,4.16682297436288
중대형상가,공실률,상권,기타,구로디지털단지역,20244,5.16320395566963
중대형상가,공실률,상권,기타,구로디지털단지역,20251,5.37403239519251
중대형상가,공실률,상권,기타,구로디지털단지역,20252,5.38398589050266
중대형상가,공실률,상권,기타,구로디지털단지역,20253,6.16278243287912
중대형상가,공실률,상권,기타,구로디지털단지역,20254,5.31957181981673
중대형상가,공실률,상권,기타,구로디지털단지역,20261,4.11932468845276
중대형상가,공실률,상권,기타,구로디지털단지역,20262,5.28032513623628
중대형상가,공실률,상권,기타,구의역,20243,2.47584134499782
중대형상가,공실률,상권,기타,구의역,20244,3.67535824059863
중대형상가,공실률,상권,기타,구의역,20251,5.30178223753183
중대형상가,공실률,상권,기타,구의역,20252,5.30178223753183
중대형상가,공실률,상권,기타,구의역,20253,8.24066733260694
중대형상가,공실률,상권,기타,구의역,20254,8.24066733260694
중대형상가,공실률,상권,기타,구의역,20261,7.57344464703563
중대형상가,공실률,상권,기타,구의역,20262,5.01365085951637
중대형상가,공실률,상권,기타,군자,20243,7.56745939672889
중대형상가,공실률,상권,기타,군자,20244,7.79243238303158
중대형상가,공실률,상권,기타,군자,20251,7.27488815364186
중대형상가,공실률,상권,기타,군자,20252,6.24610256262785
중대형상가,공실률,상권,기타,군자,20253,7.54571450293812
중대형상가,공실률,상권,기타,군자,20254,9.91612334067561
중대형상가,공실률,상권,기타,군자,20261,8.79799490874767
중대형상가,공실률,상권,기타,군자,20262,7.67029133277191
중대형상가,공실률,상권,기타,까치산역,20243,6.10413331528044
중대형상가,공실률,상권,기타,까치산역,20244,6.6745249833409
중대형상가,공실률,상권,기타,까치산역,20251,6.6745249833409
중대형상가,공실률,상권,기타,까치산역,20252,6.10413331528044
중대형상가,공실률,상권,기타,까치산역,20253,6.63735726934115
중대형상가,공실률,상권,기타,까치산역,20254,6.63735726934115
중대형상가,공실률,상권,기타,까치산역,20261,6.63735726934115
중대형상가,공실률,상권,기타,까치산역,20262,7.69092921939836
중대형상가,공실률,상권,기타,낙성대,20243,3.41897285438638
중대형상가,공실률,상권,기타,낙성대,20244,6.38478459428424
중대형상가,공실률,상권,기타,낙성대,20251,6.38478459428424
중대형상가,공실률,상권,기타,낙성대,20252,7.63575009471449
중대형상가,공실률,상권,기타,낙성대,20253,5.37175105760751
중대형상가,공실률,상권,기타,낙성대,20254,8.19394533456788
중대형상가,공실률,상권,기타,낙성대,20261,5.77821277170205
중대형상가,공실률,상권,기타,낙성대,20262,0.496264807605676
중대형상가,공실률,상권,기타,노량진,20243,8.48992020062788
중대형상가,공실률,상권,기타,노량진,20244,10.8366487029721
중대형상가,공실률,상권,기타,노량진,20251,9.62651957643176
중대형상가,공실률,상권,기타,노량진,20252,9.62651957643176
중대형상가,공실률,상권,기타,노량진,20253,9.62651957643176
중대형상가,공실률,상권,기타,노량진,20254,9.10328279219432
중대형상가,공실률,상권,기타,노량진,20261,8.91888216338818
중대형상가,공실률,상권,기타,노량진,20262,8.91888216338818
중대형상가,공실률,상권,기타,독산/시흥,20243,11.7566704128434
중대형상가,공실률,상권,기타,독산/시흥,20244,11.7701232785326
중대형상가,공실률,상권,기타,독산/시흥,20251,12.8098061069659
중대형상가,공실률,상권,기타,독산/시흥,20252,14.5339783029914
중대형상가,공실률,상권,기타,독산/시흥,20253,15.6869636300848
중대형상가,공실률,상권,기타,독산/시흥,20254,14.0741724409831
중대형상가,공실률,상권,기타,독산/시흥,20261,14.737958698356
중대형상가,공실률,상권,기타,독산/시흥,20262,14.737958698356
중대형상가,공실률,상권,기타,뚝섬,20243,3.38393171654949
중대형상가,공실률,상권,기타,뚝섬,20244,2.95806811631075
중대형상가,공실률,상권,기타,뚝섬,20251,5.609095664539
중대형상가,공실률,상권,기타,뚝섬,20252,6.6515560300155
중대형상가,공실률,상권,기타,뚝섬,20253,4.9838504045276
중대형상가,공실률,상권,기타,뚝섬,20254,3.6309501860133
중대형상가,공실률,상권,기타,뚝섬,20261,3.39473833127681
중대형상가,공실률,상권,기타,뚝섬,20262,1.25347687161517
중대형상가,공실률,상권,기타,목동,20243,14.4699925443833
중대형상가,공실률,상권,기타,목동,20244,9.13719455796041
중대형상가,공실률,상권,기타,목동,20251,9.13719455796041
중대형상가,공실률,상권,기타,목동,20252,9.82957189064348
중대형상가,공실률,상권,기타,목동,20253,9.82957189064348
중대형상가,공실률,상권,기타,목동,20254,11.0977975099362
중대형상가,공실률,상권,기타,목동,20261,9.99907505507627
중대형상가,공실률,상권,기타,목동,20262,9.99907505507627
중대형상가,공실률,상권,기타,미아사거리,20243,7.08498193610756
중대형상가,공실률,상권,기타,미아사거리,20244,8.67402054341984
중대형상가,공실률,상권,기타,미아사거리,20251,9.90491720670911
중대형상가,공실률,상권,기타,미아사거리,20252,8.94695238723449
중대형상가,공실률,상권,기타,미아사거리,20253,6.60475597795351
중대형상가,공실률,상권,기타,미아사거리,20254,6.61043877668083
중대형상가,공실률,상권,기타,미아사거리,20261,7.18512778442777
중대형상가,공실률,상권,기타,미아사거리,20262,6.81866884276466
중대형상가,공실률,상권,기타,불광역,20243,11.6449342038923
중대형상가,공실률,상권,기타,불광역,20244,10.8045212765957
중대형상가,공실률,상권,기타,불광역,20251,10.8045212765957
중대형상가,공실률,상권,기타,불광역,20252,12.7360214782696
중대형상가,공실률,상권,기타,불광역,20253,14.1644398507613
중대형상가,공실률,상권,기타,불광역,20254,14.9027553695674
중대형상가,공실률,상권,기타,불광역,20261,14.9027553695674
중대형상가,공실률,상권,기타,불광역,20262,14.1154393969951
중대형상가,공실률,상권,기타,사당,20243,7.80876992991622
중대형상가,공실률,상권,기타,사당,20244,7.80876992991622
중대형상가,공실률,상권,기타,사당,20251,7.80876992991622
중대형상가,공실률,상권,기타,사당,20252,8.13330998911171
중대형상가,공실률,상권,기타,사당,20253,7.81409974649724
중대형상가,공실률,상권,기타,사당,20254,7.8235954981486
중대형상가,공실률,상권,기타,사당,20261,7.8235954981486
중대형상가,공실률,상권,기타,사당,20262,8.48431465096026
중대형상가,공실률,상권,기타,상계역,20243,6.58649848529791
중대형상가,공실률,상권,기타,상계역,20244,6.58649848529791
중대형상가,공실률,상권,기타,상계역,20251,5.55893236599871
중대형상가,공실률,상권,기타,상계역,20252,5.7800837340932
중대형상가,공실률,상권,기타,상계역,20253,7.48296871884892
중대형상가,공실률,상권,기타,상계역,20254,7.48296871884892
중대형상가,공실률,상권,기타,상계역,20261,7.48296871884892
중대형상가,공실률,상권,기타,상계역,20262,7.96854865767733
중대형상가,공실률,상권,기타,상봉역,20243,6.53462032530622
중대형상가,공실률,상권,기타,상봉역,20244,5.28419062437806
중대형상가,공실률,상권,기타,상봉역,20251,5.28419062437806
중대형상가,공실률,상권,기타,상봉역,20252,4.77821778147672
중대형상가,공실률,상권,기타,상봉역,20253,4.30435942899531
중대형상가,공실률,상권,기타,상봉역,20254,4.30435942899531
중대형상가,공실률,상권,기타,상봉역,20261,4.30435942899531
중대형상가,공실률,상권,기타,상봉역,20262,9.14358343435074
중대형상가,공실률,상권,기타,서울대입구역,20243,5.38490171777117
중대형상가,공실률,상권,기타,서울대입구역,20244,4.70023602962637
중대형상가,공실률,상권,기타,서울대입구역,20251,1.64749089243093
중대형상가,공실률,상권,기타,서울대입구역,20252,4.57520222207737
중대형상가,공실률,상권,기타,서울대입구역,20253,3.54774375461268
중대형상가,공실률,상권,기타,서울대입구역,20254,3.70654617097464
중대형상가,공실률,상권,기타,서울대입구역,20261,2.73538607753301
중대형상가,공실률,상권,기타,서울대입구역,20262,2.93103738296141
중대형상가,공실률,상권,기타,성신여대,20243,11.0486923911673
중대형상가,공실률,상권,기타,성신여대,20244,11.0938513575254
중대형상가,공실률,상권,기타,성신여대,20251,10.3671544791578
중대형상가,공실률,상권,기타,성신여대,20252,9.9184344488907
중대형상가,공실률,상권,기타,성신여대,20253,10.9641892417447
중대형상가,공실률,상권,기타,성신여대,20254,10.2435336966692
중대형상가,공실률,상권,기타,성신여대,20261,12.7799874793368
중대형상가,공실률,상권,기타,성신여대,20262,12.7799874793368
중대형상가,공실률,상권,기타,수유,20243,11.7310087671069
중대형상가,공실률,상권,기타,수유,20244,16.7519118690832
중대형상가,공실률,상권,기타,수유,20251,15.107814421241
중대형상가,공실률,상권,기타,수유,20252,10.707226615217
중대형상가,공실률,상권,기타,수유,20253,8.3124169024222
중대형상가,공실률,상권,기타,수유,20254,7.26864134835505
중대형상가,공실률,상권,기타,수유,20261,7.46252830034661
중대형상가,공실률,상권,기타,수유,20262,8.04013947499206
중대형상가,공실률,상권,기타,숙명여대,20243,1.13497086418337
중대형상가,공실률,상권,기타,숙명여대,20244,1.13497086418337
중대형상가,공실률,상권,기타,숙명여대,20251,1.13497086418337
중대형상가,공실률,상권,기타,숙명여대,20252,1.13497086418337
중대형상가,공실률,상권,기타,숙명여대,20253,1.13497086418337
중대형상가,공실률,상권,기타,숙명여대,20254,1.13497086418337
중대형상가,공실률,상권,기타,숙명여대,20261,3.4798127853554
중대형상가,공실률,상권,기타,숙명여대,20262,4.88463936811474
중대형상가,공실률,상권,기타,신림역,20243,4.41534772688491
중대형상가,공실률,상권,기타,신림역,20244,4.75920736366264
중대형상가,공실률,상권,기타,신림역,20251,4.96802117105786
중대형상가,공실률,상권,기타,신림역,20252,7.15408652901726
중대형상가,공실률,상권,기타,신림역,20253,7.15408652901726
중대형상가,공실률,상권,기타,신림역,20254,7.15338601735313
중대형상가,공실률,상권,기타,신림역,20261,5.63407864139491
중대형상가,공실률,상권,기타,신림역,20262,7.25353177986226
중대형상가,공실률,상권,기타,쌍문역,20243,9.47608598185603
중대형상가,공실률,상권,기타,쌍문역,20244,13.0672948446103
중대형상가,공실률,상권,기타,쌍문역,20251,13.0672948446103
중대형상가,공실률,상권,기타,쌍문역,20252,11.87540414047
중대형상가,공실률,상권,기타,쌍문역,20253,11.87540414047
중대형상가,공실률,상권,기타,쌍문역,20254,13.5172687280728
중대형상가,공실률,상권,기타,쌍문역,20261,16.7303057304372
중대형상가,공실률,상권,기타,쌍문역,20262,15.9198936589784
중대형상가,공실률,상권,기타,약수역,20243,2.99216647908949
중대형상가,공실률,상권,기타,약수역,20244,2.99216647908949
중대형상가,공실률,상권,기타,약수역,20251,2.99216647908949
중대형상가,공실률,상권,기타,약수역,20252,5.96309077492975
중대형상가,공실률,상권,기타,약수역,20253,5.96309077492975
중대형상가,공실률,상권,기타,약수역,20254,13.5538172575969
중대형상가,공실률,상권,기타,약수역,20261,12.3584786124755
중대형상가,공실률,상권,기타,약수역,20262,4.70850789223551
중대형상가,공실률,상권,기타,연신내,20243,11.2524260366689
중대형상가,공실률,상권,기타,연신내,20244,9.54044285812805
중대형상가,공실률,상권,기타,연신내,20251,11.8187710145091
중대형상가,공실률,상권,기타,연신내,20252,12.211018393545
중대형상가,공실률,상권,기타,연신내,20253,13.9488980621262
중대형상가,공실률,상권,기타,연신내,20254,11.9787944339435
중대형상가,공실률,상권,기타,연신내,20261,11.9787944339435
중대형상가,공실률,상권,기타,연신내,20262,13.2962783647492
중대형상가,공실률,상권,기타,오류동역,20243,1.47362465828096
중대형상가,공실률,상권,기타,오류동역,20244,1.47362465828096
중대형상가,공실률,상권,기타,오류동역,20251,1.47362465828096
중대형상가,공실률,상권,기타,오류동역,20252,1.47362465828096
중대형상가,공실률,상권,기타,오류동역,20253,1.47362465828096
중대형상가,공실률,상권,기타,오류동역,20254,1.47362465828096
중대형상가,공실률,상권,기타,오류동역,20261,1.47362465828096
중대형상가,공실률,상권,기타,오류동역,20262,1.47362465828096
중대형상가,공실률,상권,기타,왕십리,20243,2.69238096503936
중대형상가,공실률,상권,기타,왕십리,20244,2.69238096503936
중대형상가,공실률,상권,기타,왕십리,20251,2.69238096503936
중대형상가,공실률,상권,기타,왕십리,20252,2.69238096503936
중대형상가,공실률,상권,기타,왕십리,20253,1.79712567746111
중대형상가,공실률,상권,기타,왕십리,20254,1.79712567746111
중대형상가,공실률,상권,기타,왕십리,20261,1.79712567746111
중대형상가,공실률,상권,기타,왕십리,20262,1.79712567746111
중대형상가,공실률,상권,기타,용산역,20243,10.3158557918309
중대형상가,공실률,상권,기타,용산역,20244,9.75477063152136
중대형상가,공실률,상권,기타,용산역,20251,9.75477063152136
중대형상가,공실률,상권,기타,용산역,20252,10.1987538035319
중대형상가,공실률,상권,기타,용산역,20253,11.1021663487387
중대형상가,공실률,상권,기타,용산역,20254,12.0355582203846
중대형상가,공실률,상권,기타,용산역,20261,13.3829539376019
중대형상가,공실률,상권,기타,용산역,20262,14.1543509209512
중대형상가,공실률,상권,기타,이태원,20243,19.91496482301
중대형상가,공실률,상권,기타,이태원,20244,19.91496482301
중대형상가,공실률,상권,기타,이태원,20251,14.4442982756171
중대형상가,공실률,상권,기타,이태원,20252,14.4442982756171
중대형상가,공실률,상권,기타,이태원,20253,13.6325701566521
중대형상가,공실률,상권,기타,이태원,20254,13.6325701566521
중대형상가,공실률,상권,기타,이태원,20261,14.3144301959072
중대형상가,공실률,상권,기타,이태원,20262,14.3144301959072
중대형상가,공실률,상권,기타,잠실/송파,20243,9.27421030781846
중대형상가,공실률,상권,기타,잠실/송파,20244,8.32985251178256
중대형상가,공실률,상권,기타,잠실/송파,20251,10.7495659537368
중대형상가,공실률,상권,기타,잠실/송파,20252,11.6383524029753
중대형상가,공실률,상권,기타,잠실/송파,20253,10.0379555606775
중대형상가,공실률,상권,기타,잠실/송파,20254,12.4766316506786
중대형상가,공실률,상권,기타,잠실/송파,20261,17.3506267051817
중대형상가,공실률,상권,기타,잠실/송파,20262,17.4395654777265
중대형상가,공실률,상권,기타,잠실새내역,20243,13.7876103144243
중대형상가,공실률,상권,기타,잠실새내역,20244,14.9576223543209
중대형상가,공실률,상권,기타,잠실새내역,20251,16.2889870647028
중대형상가,공실률,상권,기타,잠실새내역,20252,5.89952394828089
중대형상가,공실률,상권,기타,잠실새내역,20253,5.30329546414612
중대형상가,공실률,상권,기타,잠실새내역,20254,5.30329546414612
중대형상가,공실률,상권,기타,잠실새내역,20261,5.53045886144153
중대형상가,공실률,상권,기타,잠실새내역,20262,4.15489181504848
중대형상가,공실률,상권,기타,장안동,20243,8.14742378952146
중대형상가,공실률,상권,기타,장안동,20244,8.14742378952146
중대형상가,공실률,상권,기타,장안동,20251,8.14742378952146
중대형상가,공실률,상권,기타,장안동,20252,8.13509820470919
중대형상가,공실률,상권,기타,장안동,20253,8.13509820470919
중대형상가,공실률,상권,기타,장안동,20254,8.13509820470919
중대형상가,공실률,상권,기타,장안동,20261,9.82108311688736
중대형상가,공실률,상권,기타,장안동,20262,11.5156683131609
중대형상가,공실률,상권,기타,천호,20243,6.91600856288977
중대형상가,공실률,상권,기타,천호,20244,7.38226956244724
중대형상가,공실률,상권,기타,천호,20251,7.04448909619864
중대형상가,공실률,상권,기타,천호,20252,6.72546369479146
중대형상가,공실률,상권,기타,천호,20253,7.40449844650476
중대형상가,공실률,상권,기타,천호,20254,7.79841602949411
중대형상가,공실률,상권,기타,천호,20261,8.48017621145375
중대형상가,공실률,상권,기타,천호,20262,8.6308491449582
중대형상가,공실률,상권,기타,청량리,20243,9.81709923284564
중대형상가,공실률,상권,기타,청량리,20244,10.0136926964955
중대형상가,공실률,상권,기타,청량리,20251,8.8644432608889
중대형상가,공실률,상권,기타,청량리,20252,8.8644432608889
중대형상가,공실률,상권,기타,청량리,20253,11.0911797807065
중대형상가,공실률,상권,기타,청량리,20254,11.0812093742583
중대형상가,공실률,상권,기타,청량리,20261,10.4901024400328
중대형상가,공실률,상권,기타,청량리,20262,12.2761516847481
중대형상가,공실률,상권,기타,혜화동,20243,2.43256242809044
중대형상가,공실률,상권,기타,혜화동,20244,5.62566918502402
중대형상가,공실률,상권,기타,혜화동,20251,2.45329751684164
중대형상가,공실률,상권,기타,혜화동,20252,2.86664097725496
중대형상가,공실률,상권,기타,혜화동,20253,1.22664875842082
중대형상가,공실률,상권,기타,혜화동,20254,1.22857593157701
중대형상가,공실률,상권,기타,혜화동,20261,1.22857593157701
중대형상가,공실률,상권,기타,혜화동,20262,3.29022562362638
중대형상가,공실률,상권,기타,화곡,20243,10.3855133958259
중대형상가,공실률,상권,기타,화곡,20244,9.42185859036265
중대형상가,공실률,상권,기타,화곡,20251,10.442153003092
중대형상가,공실률,상권,기타,화곡,20252,10.442153003092
중대형상가,공실률,상권,기타,화곡,20253,11.6733649767368
중대형상가,공실률,상권,기타,화곡,20254,14.0541888395398
중대형상가,공실률,상권,기타,화곡,20261,14.9644745102411
중대형상가,공실률,상권,기타,화곡,20262,15.927681719774
중대형상가,공실률,상권,도심,광화문,20243,16.2917295944819
중대형상가,공실률,상권,도심,광화문,20244,14.8114097655382
중대형상가,공실률,상권,도심,광화문,20251,14.8114097655382
중대형상가,공실률,상권,도심,광화문,20252,12.8994767608629
중대형상가,공실률,상권,도심,광화문,20253,7.99002977220799
중대형상가,공실률,상권,도심,광화문,20254,7.99002977220799
중대형상가,공실률,상권,도심,광화문,20261,5.23750177215524
중대형상가,공실률,상권,도심,광화문,20262,5.23750177215524
중대형상가,공실률,상권,도심,남대문,20243,15.0145415566198
중대형상가,공실률,상권,도심,남대문,20244,15.0145415566198
중대형상가,공실률,상권,도심,남대문,20251,12.3953649384674
중대형상가,공실률,상권,도심,남대문,20252,17.1551969535981
중대형상가,공실률,상권,도심,남대문,20253,18.3229357071133
중대형상가,공실률,상권,도심,남대문,20254,18.4812201457093
중대형상가,공실률,상권,도심,남대문,20261,14.5963741276825
중대형상가,공실률,상권,도심,남대문,20262,13.9333084403461
중대형상가,공실률,상권,도심,동대문,20243,13.694779606427
중대형상가,공실률,상권,도심,동대문,20244,14.8675279889061
중대형상가,공실률,상권,도심,동대문,20251,14.4750936352435
중대형상가,공실률,상권,도심,동대문,20252,15.6806194362772
중대형상가,공실률,상권,도심,동대문,20253,14.2926624942558
중대형상가,공실률,상권,도심,동대문,20254,15.7835063704499
중대형상가,공실률,상권,도심,동대문,20261,15.3409705531901
중대형상가,공실률,상권,도심,동대문,20262,17.3929345549632
중대형상가,공실률,상권,도심,명동,20243,18.7485078296733
중대형상가,공실률,상권,도심,명동,20244,12.1531863246335
중대형상가,공실률,상권,도심,명동,20251,11.2389080024084
중대형상가,공실률,상권,도심,명동,20252,7.24146098099439
중대형상가,공실률,상권,도심,명동,20253,8.17666535720298
중대형상가,공실률,상권,도심,명동,20254,7.38356791122787
중대형상가,공실률,상권,도심,명동,20261,5.02615281155803
중대형상가,공실률,상권,도심,명동,20262,6.46947982585718
중대형상가,공실률,상권,도심,방산시장,20243,13.4366668116816
중대형상가,공실률,상권,도심,방산시장,20244,14.05163359291
중대형상가,공실률,상권,도심,방산시장,20251,17.6740023492415
중대형상가,공실률,상권,도심,방산시장,20252,19.7742933268
중대형상가,공실률,상권,도심,방산시장,20253,19.7742933268
중대형상가,공실률,상권,도심,방산시장,20254,19.7742933268
중대형상가,공실률,상권,도심,방산시장,20261,21.1374146326524
중대형상가,공실률,상권,도심,방산시장,20262,32.3884482283404
중대형상가,공실률,상권,도심,북촌,20243,6.16897433636123
중대형상가,공실률,상권,도심,북촌,20244,6.16897433636123
중대형상가,공실률,상권,도심,북촌,20251,4.37859474189033
중대형상가,공실률,상권,도심,북촌,20252,9.07103565848385
중대형상가,공실률,상권,도심,북촌,20253,1.94657945849035
중대형상가,공실률,상권,도심,북촌,20254,1.94657945849035
중대형상가,공실률,상권,도심,북촌,20261,1.94657945849035
중대형상가,공실률,상권,도심,북촌,20262,1.94657945849035
중대형상가,공실률,상권,도심,서촌,20243,14.1999879197874
중대형상가,공실률,상권,도심,서촌,20244,15.9839333172264
중대형상가,공실률,상권,도심,서촌,20251,15.9839333172264
중대형상가,공실률,상권,도심,서촌,20252,15.9839333172264
중대형상가,공실률,상권,도심,서촌,20253,10.1153660304421
중대형상가,공실률,상권,도심,서촌,20254,10.1153660304421
중대형상가,공실률,상권,도심,서촌,20261,10.1153660304421
중대형상가,공실률,상권,도심,서촌,20262,10.1153660304421
중대형상가,공실률,상권,도심,시청,20243,19.8214518001763
중대형상가,공실률,상권,도심,시청,20244,20.6841617565109
중대형상가,공실률,상권,도심,시청,20251,19.8214518001763
중대형상가,공실률,상권,도심,시청,20252,12.9351891554211
중대형상가,공실률,상권,도심,시청,20253,13.3582323469366
중대형상가,공실률,상권,도심,시청,20254,10.8401924477046
중대형상가,공실률,상권,도심,시청,20261,11.7167799911163
중대형상가,공실률,상권,도심,시청,20262,11.7167799911163
중대형상가,공실률,상권,도심,을지로,20243,5.51514117458496
중대형상가,공실률,상권,도심,을지로,20244,5.51514117458496
중대형상가,공실률,상권,도심,을지로,20251,5.51514117458496
중대형상가,공실률,상권,도심,을지로,20252,5.51514117458496
중대형상가,공실률,상권,도심,을지로,20253,5.51514117458496
중대형상가,공실률,상권,도심,을지로,20254,5.51514117458496
중대형상가,공실률,상권,도심,을지로,20261,6.81236524949202
중대형상가,공실률,상권,도심,을지로,20262,12.2820079312146
중대형상가,공실률,상권,도심,종로,20243,7.00880824456442
중대형상가,공실률,상권,도심,종로,20244,6.31038899976194
중대형상가,공실률,상권,도심,종로,20251,7.72606721084132
중대형상가,공실률,상권,도심,종로,20252,7.08821578120876
중대형상가,공실률,상권,도심,종로,20253,6.90138404475325
중대형상가,공실률,상권,도심,종로,20254,8.46853577576737
중대형상가,공실률,상권,도심,종로,20261,8.51506826834889
중대형상가,공실률,상권,도심,종로,20262,9.20161147096119
중대형상가,공실률,상권,도심,충무로,20243,13.8720913356877
중대형상가,공실률,상권,도심,충무로,20244,13.8720913356877
중대형상가,공실률,상권,도심,충무로,20251,22.5202780062245
중대형상가,공실률,상권,도심,충무로,20252,16.4090593907729
중대형상가,공실률,상권,도심,충무로,20253,16.4090593907729
중대형상가,공실률,상권,도심,충무로,20254,14.9658136197249
중대형상가,공실률,상권,도심,충무로,20261,11.2012803766952
중대형상가,공실률,상권,도심,충무로,20262,3.0473449115508
중대형상가,공실률,상권,영등포신촌,공덕역,20243,7.40235075167611
중대형상가,공실률,상권,영등포신촌,공덕역,20244,8.72035818072261
중대형상가,공실률,상권,영등포신촌,공덕역,20251,9.35495435026352
중대형상가,공실률,상권,영등포신촌,공덕역,20252,9.80954487555966
중대형상가,공실률,상권,영등포신촌,공덕역,20253,10.8026268620287
중대형상가,공실률,상권,영등포신촌,공덕역,20254,6.39464966274366
중대형상가,공실률,상권,영등포신촌,공덕역,20261,5.76005349320275
중대형상가,공실률,상권,영등포신촌,공덕역,20262,3.70266561117908
중대형상가,공실률,상권,영등포신촌,당산역,20243,4.67558255429471
중대형상가,공실률,상권,영등포신촌,당산역,20244,4.67558255429471
중대형상가,공실률,상권,영등포신촌,당산역,20251,5.91426120701217
중대형상가,공실률,상권,영등포신촌,당산역,20252,7.33927232694633
중대형상가,공실률,상권,영등포신촌,당산역,20253,7.33927232694633
중대형상가,공실률,상권,영등포신촌,당산역,20254,7.33927232694633
중대형상가,공실률,상권,영등포신촌,당산역,20261,7.33927232694633
중대형상가,공실률,상권,영등포신촌,당산역,20262,7.33927232694633
중대형상가,공실률,상권,영등포신촌,동교/연남,20243,2.60926637823647
중대형상가,공실률,상권,영등포신촌,동교/연남,20244,2.60926637823647
중대형상가,공실률,상권,영등포신촌,동교/연남,20251,3.37677645766639
중대형상가,공실률,상권,영등포신촌,동교/연남,20252,2.93877332333204
중대형상가,공실률,상권,영등포신촌,동교/연남,20253,3.28466288389671
중대형상가,공실률,상권,영등포신촌,동교/연남,20254,3.97809057010471
중대형상가,공실률,상권,영등포신촌,동교/연남,20261,4.54272410954303
중대형상가,공실률,상권,영등포신촌,동교/연남,20262,5.00009788355155
중대형상가,공실률,상권,영등포신촌,망원역,20243,4.72697762193817
중대형상가,공실률,상권,영등포신촌,망원역,20244,5.60415369520421
중대형상가,공실률,상권,영등포신촌,망원역,20251,4.72697762193817
중대형상가,공실률,상권,영등포신촌,망원역,20252,5.10633868384072
중대형상가,공실률,상권,영등포신촌,망원역,20253,5.10633868384072
중대형상가,공실률,상권,영등포신촌,망원역,20254,1.25788648853917
중대형상가,공실률,상권,영등포신촌,망원역,20261,1.75088238072198
중대형상가,공실률,상권,영등포신촌,망원역,20262,1.75088238072198
중대형상가,공실률,상권,영등포신촌,신촌/이대,20243,11.5019004842184
중대형상가,공실률,상권,영등포신촌,신촌/이대,20244,12.8985638129743
중대형상가,공실률,상권,영등포신촌,신촌/이대,20251,13.8170328106189
중대형상가,공실률,상권,영등포신촌,신촌/이대,20252,11.2964257826271
중대형상가,공실률,상권,영등포신촌,신촌/이대,20253,11.9004692078069
중대형상가,공실률,상권,영등포신촌,신촌/이대,20254,13.2506477216375
중대형상가,공실률,상권,영등포신촌,신촌/이대,20261,12.3456141886176
중대형상가,공실률,상권,영등포신촌,신촌/이대,20262,11.677552633184
중대형상가,공실률,상권,영등포신촌,영등포역,20243,13.0551112213127
중대형상가,공실률,상권,영등포신촌,영등포역,20244,13.0551112213127
중대형상가,공실률,상권,영등포신촌,영등포역,20251,13.0551112213127
중대형상가,공실률,상권,영등포신촌,영등포역,20252,13.9663911962351
중대형상가,공실률,상권,영등포신촌,영등포역,20253,13.3580336364339
중대형상가,공실률,상권,영등포신촌,영등포역,20254,12.6562125242981
중대형상가,공실률,상권,영등포신촌,영등포역,20261,11.7035080518506
중대형상가,공실률,상권,영등포신촌,영등포역,20262,15.928459104507
중대형상가,공실률,상권,영등포신촌,홍대/합정,20243,9.51544212476407
중대형상가,공실률,상권,영등포신촌,홍대/합정,20244,9.34727754668078
중대형상가,공실률,상권,영등포신촌,홍대/합정,20251,10.5903562051314
중대형상가,공실률,상권,영등포신촌,홍대/합정,20252,9.36290177261471
중대형상가,공실률,상권,영등포신촌,홍대/합정,20253,8.28913092829134
중대형상가,공실률,상권,영등포신촌,홍대/합정,20254,8.24819218995575
중대형상가,공실률,상권,영등포신촌,홍대/합정,20261,8.69525192295024
중대형상가,공실률,상권,영등포신촌,홍대/합정,20262,8.09766611083619
중대형상가,공실률,서울전체,,,20243,8.65630763017657
중대형상가,공실률,서울전체,,,20244,8.8536676089838
중대형상가,공실률,서울전체,,,20251,8.92558952011673
중대형상가,공실률,서울전체,,,20252,8.65958296127043
중대형상가,공실률,서울전체,,,20253,8.87112547309062
중대형상가,공실률,서울전체,,,20254,9.12998524422914
중대형상가,공실률,서울전체,,,20261,9.34700408862873
중대형상가,공실률,서울전체,,,20262,9.67197672359706
집합상가,공실률,권역,강남,,20243,5.24493380343487
집합상가,공실률,권역,강남,,20244,5.20173665625315
집합상가,공실률,권역,강남,,20251,5.52330087133516
집합상가,공실률,권역,강남,,20252,5.33055666774311
집합상가,공실률,권역,강남,,20253,5.73380348659243
집합상가,공실률,권역,강남,,20254,5.89102364488285
집합상가,공실률,권역,강남,,20261,6.34318973229768
집합상가,공실률,권역,강남,,20262,5.62066944443468
집합상가,공실률,권역,기타,,20243,10.8819505385835
집합상가,공실률,권역,기타,,20244,10.7790031522781
집합상가,공실률,권역,기타,,20251,10.9075917454361
집합상가,공실률,권역,기타,,20252,11.4119876804848
집합상가,공실률,권역,기타,,20253,11.3207318363281
집합상가,공실률,권역,기타,,20254,11.4949596844658
집합상가,공실률,권역,기타,,20261,11.4758262394875
집합상가,공실률,권역,기타,,20262,12.1373054724421
집합상가,공실률,권역,도심,,20243,10.9408544781889
집합상가,공실률,권역,도심,,20244,10.8449080359136
집합상가,공실률,권역,도심,,20251,10.7276128499695
집합상가,공실률,권역,도심,,20252,10.8955478461617
집합상가,공실률,권역,도심,,20253,10.6543847941228
집합상가,공실률,권역,도심,,20254,10.6557305470258
집합상가,공실률,권역,도심,,20261,10.6737440981565
집합상가,공실률,권역,도심,,20262,10.3683223900006
집합상가,공실률,권역,영등포신촌,,20243,13.41688971688
집합상가,공실률,권역,영등포신촌,,20244,13.4570799106314
집합상가,공실률,권역,영등포신촌,,20251,12.8913728512867
집합상가,공실률,권역,영등포신촌,,20252,12.6417650694111
집합상가,공실률,권역,영등포신촌,,20253,13.3405471186786
집합상가,공실률,권역,영등포신촌,,20254,12.4873363682457
집합상가,공실률,권역,영등포신촌,,20261,11.7061698998003
집합상가,공실률,권역,영등포신촌,,20262,11.6583832267277
집합상가,공실률,상권,강남,강남대로,20243,9.01129982820001
집합상가,공실률,상권,강남,강남대로,20244,8.54294458580675
집합상가,공실률,상권,강남,강남대로,20251,8.64006165164341
집합상가,공실률,상권,강남,강남대로,20252,6.98087510612255
집합상가,공실률,상권,강남,강남대로,20253,6.98087510612255
집합상가,공실률,상권,강남,강남대로,20254,8.69944862986933
집합상가,공실률,상권,강남,강남대로,20261,9.23078581547711
집합상가,공실률,상권,강남,강남대로,20262,8.79670872786607
집합상가,공실률,상권,강남,교대역,20243,1.11636253927116
집합상가,공실률,상권,강남,교대역,20244,1.11636253927116
집합상가,공실률,상권,강남,교대역,20251,1.23613373206883
집합상가,공실률,상권,강남,교대역,20252,1.23613373206883
집합상가,공실률,상권,강남,교대역,20253,1.23613373206883
집합상가,공실률,상권,강남,교대역,20254,1.23613373206883
집합상가,공실률,상권,강남,교대역,20261,1.23613373206883
집합상가,공실률,상권,강남,교대역,20262,1.23613373206883
집합상가,공실률,상권,강남,남부터미널,20243,6.86402186798367
집합상가,공실률,상권,강남,남부터미널,20244,6.86390534494848
집합상가,공실률,상권,강남,남부터미널,20251,6.81924971530174
집합상가,공실률,상권,강남,남부터미널,20252,6.84287120248123
집합상가,공실률,상권,강남,남부터미널,20253,6.74235213142712
집합상가,공실률,상권,강남,남부터미널,20254,6.88835039517364
집합상가,공실률,상권,강남,남부터미널,20261,7.96138076411472
집합상가,공실률,상권,강남,남부터미널,20262,6.025564626904
집합상가,공실률,상권,강남,논현역,20243,19.5568418955338
집합상가,공실률,상권,강남,논현역,20244,16.7599962248718
집합상가,공실률,상권,강남,논현역,20251,13.9631505542098
집합상가,공실률,상권,강남,논현역,20252,15.4469856649993
집합상가,공실률,상권,강남,논현역,20253,15.4469856649993
집합상가,공실률,상권,강남,논현역,20254,11.9723996182926
집합상가,공실률,상권,강남,논현역,20261,7.89515630079382
집합상가,공실률,상권,강남,논현역,20262,8.83306592841937
집합상가,공실률,상권,강남,도산대로,20243,8.11560131833352
집합상가,공실률,상권,강남,도산대로,20244,8.11560131833352
집합상가,공실률,상권,강남,도산대로,20251,8.11560131833352
집합상가,공실률,상권,강남,도산대로,20252,8.11560131833352
집합상가,공실률,상권,강남,도산대로,20253,12.8342301517911
집합상가,공실률,상권,강남,도산대로,20254,10.3492711576123
집합상가,공실률,상권,강남,도산대로,20261,14.215593634285
집합상가,공실률,상권,강남,도산대로,20262,13.3531111051116
집합상가,공실률,상권,강남,신사역,20243,4.42135484808838
집합상가,공실률,상권,강남,신사역,20244,4.42135484808838
집합상가,공실률,상권,강남,신사역,20251,9.99215002180549
집합상가,공실률,상권,강남,신사역,20252,8.42033725832243
집합상가,공실률,상권,강남,신사역,20253,7.89581526205469
집합상가,공실률,상권,강남,신사역,20254,7.89581526205469
집합상가,공실률,상권,강남,신사역,20261,7.89581526205469
집합상가,공실률,상권,강남,신사역,20262,7.89581526205469
집합상가,공실률,상권,강남,압구정,20243,1.82912326358308
집합상가,공실률,상권,강남,압구정,20244,1.82912326358308
집합상가,공실률,상권,강남,압구정,20251,1.82912326358308
집합상가,공실률,상권,강남,압구정,20252,1.82912326358308
집합상가,공실률,상권,강남,압구정,20253,1.82912326358308
집합상가,공실률,상권,강남,압구정,20254,2.99535787513052
집합상가,공실률,상권,강남,압구정,20261,2.83412035094822
집합상가,공실률,상권,강남,압구정,20262,2.83412035094822
집합상가,공실률,상권,강남,청담,20243,5.73627996655298
집합상가,공실률,상권,강남,청담,20244,6.98699952779542
집합상가,공실률,상권,강남,청담,20251,6.58260850408845
집합상가,공실률,상권,강남,청담,20252,7.035082022798
집합상가,공실률,상권,강남,청담,20253,9.11259062161471
집합상가,공실률,상권,강남,청담,20254,9.61697790982904
집합상가,공실률,상권,강남,청담,20261,10.0842976172346
집합상가,공실률,상권,강남,청담,20262,10.7191398022488
집합상가,공실률,상권,강남,테헤란로,20243,2.7936291049596
집합상가,공실률,상권,강남,테헤란로,20244,2.7936291049596
집합상가,공실률,상권,강남,테헤란로,20251,4.13901560524672
집합상가,공실률,상권,강남,테헤란로,20252,4.31275494872465
집합상가,공실률,상권,강남,테헤란로,20253,7.64634089785688
집합상가,공실률,상권,강남,테헤란로,20254,6.42477384287825
집합상가,공실률,상권,강남,테헤란로,20261,6.74423856885232
집합상가,공실률,상권,강남,테헤란로,20262,6.74423856885232
집합상가,공실률,상권,강남,한티역,20243,4.99780974777516
집합상가,공실률,상권,강남,한티역,20244,7.06802020216575
집합상가,공실률,상권,강남,한티역,20251,7.06802020216575
집합상가,공실률,상권,강남,한티역,20252,4.99780254616454
집합상가,공실률,상권,강남,한티역,20253,4.81395860513113
집합상가,공실률,상권,강남,한티역,20254,4.81395860513113
집합상가,공실률,상권,강남,한티역,20261,4.81395860513113
집합상가,공실률,상권,강남,한티역,20262,4.81395860513113
집합상가,공실률,상권,기타,가락시장,20243,17.983504521821
집합상가,공실률,상권,기타,가락시장,20244,17.983504521821
집합상가,공실률,상권,기타,가락시장,20251,20.1386847834286
집합상가,공실률,상권,기타,가락시장,20252,20.3860389264154
집합상가,공실률,상권,기타,가락시장,20253,20.3860389264154
집합상가,공실률,상권,기타,가락시장,20254,20.3860389264154
집합상가,공실률,상권,기타,가락시장,20261,19.7190132949736
집합상가,공실률,상권,기타,가락시장,20262,15.9076661351452
집합상가,공실률,상권,기타,건대입구,20243,9.00449606626177
집합상가,공실률,상권,기타,건대입구,20244,8.72593265876707
집합상가,공실률,상권,기타,건대입구,20251,8.72593265876707
집합상가,공실률,상권,기타,건대입구,20252,8.72593265876707
집합상가,공실률,상권,기타,건대입구,20253,8.72593265876707
집합상가,공실률,상권,기타,건대입구,20254,8.72593265876707
집합상가,공실률,상권,기타,건대입구,20261,8.72593265876707
집합상가,공실률,상권,기타,건대입구,20262,8.72593265876707
집합상가,공실률,상권,기타,노원역,20243,4.59596805389137
집합상가,공실률,상권,기타,노원역,20244,4.01413799284845
집합상가,공실률,상권,기타,노원역,20251,4.01413799284845
집합상가,공실률,상권,기타,노원역,20252,4.01413799284845
집합상가,공실률,상권,기타,노원역,20253,2.93037852270476
집합상가,공실률,상권,기타,노원역,20254,2.253964959289
집합상가,공실률,상권,기타,노원역,20261,2.253964959289
집합상가,공실률,상권,기타,노원역,20262,3.94296449698559
집합상가,공실률,상권,기타,명일역,20243,6.48749034457663
집합상가,공실률,상권,기타,명일역,20244,6.48749034457663
집합상가,공실률,상권,기타,명일역,20251,7.0206041638566
집합상가,공실률,상권,기타,명일역,20252,7.70499531812262
집합상가,공실률,상권,기타,명일역,20253,7.70499531812262
집합상가,공실률,상권,기타,명일역,20254,6.70252274906655
집합상가,공실률,상권,기타,명일역,20261,7.13384531111823
집합상가,공실률,상권,기타,명일역,20262,7.42069975309006
집합상가,공실률,상권,기타,목동,20243,0.150596175125674
집합상가,공실률,상권,기타,목동,20244,0.0
집합상가,공실률,상권,기타,목동,20251,0.119324532519711
집합상가,공실률,상권,기타,목동,20252,0.0
집합상가,공실률,상권,기타,목동,20253,0.0
집합상가,공실률,상권,기타,목동,20254,0.0
집합상가,공실률,상권,기타,목동,20261,0.0
집합상가,공실률,상권,기타,목동,20262,0.0
집합상가,공실률,상권,기타,불광역,20243,10.9419053135131
집합상가,공실률,상권,기타,불광역,20244,11.4650149637695
집합상가,공실률,상권,기타,불광역,20251,11.4650149637695
집합상가,공실률,상권,기타,불광역,20252,11.4650149637695
집합상가,공실률,상권,기타,불광역,20253,11.4650149637695
집합상가,공실률,상권,기타,불광역,20254,11.4650149637695
집합상가,공실률,상권,기타,불광역,20261,11.4650149637695
집합상가,공실률,상권,기타,불광역,20262,11.4650149637695
집합상가,공실률,상권,기타,사당,20243,4.30589041708266
집합상가,공실률,상권,기타,사당,20244,4.02768630139027
집합상가,공실률,상권,기타,사당,20251,4.02768630139027
집합상가,공실률,상권,기타,사당,20252,4.02768630139027
집합상가,공실률,상권,기타,사당,20253,3.7792248431656
집합상가,공실률,상권,기타,사당,20254,3.7792248431656
집합상가,공실률,상권,기타,사당,20261,3.7792248431656
집합상가,공실률,상권,기타,사당,20262,3.7792248431656
집합상가,공실률,상권,기타,서울대입구역,20243,8.44918061017952
집합상가,공실률,상권,기타,서울대입구역,20244,9.01898791744131
집합상가,공실률,상권,기타,서울대입구역,20251,15.0074523058489
집합상가,공실률,상권,기타,서울대입구역,20252,20.2984985028687
집합상가,공실률,상권,기타,서울대입구역,20253,20.6922761609892
집합상가,공실률,상권,기타,서울대입구역,20254,22.3036781283009
집합상가,공실률,상권,기타,서울대입구역,20261,22.3036781283009
집합상가,공실률,상권,기타,서울대입구역,20262,32.4152262311464
집합상가,공실률,상권,기타,성신여대,20243,0.0
집합상가,공실률,상권,기타,성신여대,20244,0.0
집합상가,공실률,상권,기타,성신여대,20251,0.0
집합상가,공실률,상권,기타,성신여대,20252,0.0
집합상가,공실률,상권,기타,성신여대,20253,0.0
집합상가,공실률,상권,기타,성신여대,20254,0.0
집합상가,공실률,상권,기타,성신여대,20261,0.0
집합상가,공실률,상권,기타,성신여대,20262,0.0
집합상가,공실률,상권,기타,수유,20243,5.06828840776916
집합상가,공실률,상권,기타,수유,20244,5.9663854091411
집합상가,공실률,상권,기타,수유,20251,4.71536006068299
집합상가,공실률,상권,기타,수유,20252,7.79645700512454
집합상가,공실률,상권,기타,수유,20253,7.66744150802999
집합상가,공실률,상권,기타,수유,20254,7.66744150802999
집합상가,공실률,상권,기타,수유,20261,7.66744150802999
집합상가,공실률,상권,기타,수유,20262,6.48220684656137
집합상가,공실률,상권,기타,숙명여대,20243,7.33160631733726
집합상가,공실률,상권,기타,숙명여대,20244,7.33160631733726
집합상가,공실률,상권,기타,숙명여대,20251,7.33160631733726
집합상가,공실률,상권,기타,숙명여대,20252,7.33160631733726
집합상가,공실률,상권,기타,숙명여대,20253,7.33160631733726
집합상가,공실률,상권,기타,숙명여대,20254,7.33160631733726
집합상가,공실률,상권,기타,숙명여대,20261,7.33160631733726
집합상가,공실률,상권,기타,숙명여대,20262,7.27879554914317
집합상가,공실률,상권,기타,신림역,20243,8.75483640820657
집합상가,공실률,상권,기타,신림역,20244,7.15212161680097
집합상가,공실률,상권,기타,신림역,20251,7.15212161680097
집합상가,공실률,상권,기타,신림역,20252,7.15212161680097
집합상가,공실률,상권,기타,신림역,20253,6.9104612767203
집합상가,공실률,상권,기타,신림역,20254,9.64025355127279
집합상가,공실률,상권,기타,신림역,20261,9.64025355127279
집합상가,공실률,상권,기타,신림역,20262,9.64025355127279
집합상가,공실률,상권,기타,오류동역,20243,0.279978789485645
집합상가,공실률,상권,기타,오류동역,20244,0.279978789485645
집합상가,공실률,상권,기타,오류동역,20251,0.279978789485645
집합상가,공실률,상권,기타,오류동역,20252,0.28692949214929
집합상가,공실률,상권,기타,오류동역,20253,0.28692949214929
집합상가,공실률,상권,기타,오류동역,20254,0.28692949214929
집합상가,공실률,상권,기타,오류동역,20261,0.835946096175205
집합상가,공실률,상권,기타,오류동역,20262,0.835946096175205
집합상가,공실률,상권,기타,용산역,20243,37.6073505403006
집합상가,공실률,상권,기타,용산역,20244,37.6073505403006
집합상가,공실률,상권,기타,용산역,20251,37.5254709890714
집합상가,공실률,상권,기타,용산역,20252,37.5254709890714
집합상가,공실률,상권,기타,용산역,20253,37.8425573086448
집합상가,공실률,상권,기타,용산역,20254,37.7027477742115
집합상가,공실률,상권,기타,용산역,20261,37.7027477742115
집합상가,공실률,상권,기타,용산역,20262,38.8493672360864
집합상가,공실률,상권,기타,잠실/송파,20243,11.9690020508405
집합상가,공실률,상권,기타,잠실/송파,20244,11.9690020508405
집합상가,공실률,상권,기타,잠실/송파,20251,12.4299802290738
집합상가,공실률,상권,기타,잠실/송파,20252,12.4299802290738
집합상가,공실률,상권,기타,잠실/송파,20253,12.4299802290738
집합상가,공실률,상권,기타,잠실/송파,20254,12.4299802290738
집합상가,공실률,상권,기타,잠실/송파,20261,12.4299802290738
집합상가,공실률,상권,기타,잠실/송파,20262,13.297384880176
집합상가,공실률,상권,기타,잠실새내역,20243,0.523795054759321
집합상가,공실률,상권,기타,잠실새내역,20244,0.274968089850023
집합상가,공실률,상권,기타,잠실새내역,20251,0.504196578901843
집합상가,공실률,상권,기타,잠실새내역,20252,0.504196578901843
집합상가,공실률,상권,기타,잠실새내역,20253,0.504196578901843
집합상가,공실률,상권,기타,잠실새내역,20254,0.642564765594861
집합상가,공실률,상권,기타,잠실새내역,20261,2.71667293916132
집합상가,공실률,상권,기타,잠실새내역,20262,2.71667293916132
집합상가,공실률,상권,기타,장안동,20243,9.80366765030304
집합상가,공실률,상권,기타,장안동,20244,9.80366765030304
집합상가,공실률,상권,기타,장안동,20251,9.80366765030304
집합상가,공실률,상권,기타,장안동,20252,9.80366765030304
집합상가,공실률,상권,기타,장안동,20253,9.69892093896403
집합상가,공실률,상권,기타,장안동,20254,9.69892093896403
집합상가,공실률,상권,기타,장안동,20261,9.69892093896403
집합상가,공실률,상권,기타,장안동,20262,10.7724599059144
집합상가,공실률,상권,기타,천호,20243,12.0262434805217
집합상가,공실률,상권,기타,천호,20244,12.0262434805217
집합상가,공실률,상권,기타,천호,20251,13.3050913212741
집합상가,공실률,상권,기타,천호,20252,13.3050913212741
집합상가,공실률,상권,기타,천호,20253,13.4096283726799
집합상가,공실률,상권,기타,천호,20254,14.1297912463819
집합상가,공실률,상권,기타,천호,20261,8.85836254779396
집합상가,공실률,상권,기타,천호,20262,8.96967048792938
집합상가,공실률,상권,기타,청량리,20243,27.5926765179057
집합상가,공실률,상권,기타,청량리,20244,27.5926765179057
집합상가,공실률,상권,기타,청량리,20251,23.9540356117238
집합상가,공실률,상권,기타,청량리,20252,23.9293618905166
집합상가,공실률,상권,기타,청량리,20253,23.9782599119614
집합상가,공실률,상권,기타,청량리,20254,23.9782599119614
집합상가,공실률,상권,기타,청량리,20261,24.0069615268151
집합상가,공실률,상권,기타,청량리,20262,23.6426859969898
집합상가,공실률,상권,기타,혜화동,20243,7.12545676004872
집합상가,공실률,상권,기타,혜화동,20244,7.65720091915321
집합상가,공실률,상권,기타,혜화동,20251,7.65720091915321
집합상가,공실률,상권,기타,혜화동,20252,7.65720091915321
집합상가,공실률,상권,기타,혜화동,20253,4.45685145387335
집합상가,공실률,상권,기타,혜화동,20254,4.45685145387335
집합상가,공실률,상권,기타,혜화동,20261,5.02723023257297
집합상가,공실률,상권,기타,혜화동,20262,5.02723023257297
집합상가,공실률,상권,기타,화곡,20243,10.6116120643528
집합상가,공실률,상권,기타,화곡,20244,8.01107772210915
집합상가,공실률,상권,기타,화곡,20251,7.05786280559535
집합상가,공실률,상권,기타,화곡,20252,8.04873030443961
집합상가,공실률,상권,기타,화곡,20253,8.58134135562433
집합상가,공실률,상권,기타,화곡,20254,8.44273282215983
집합상가,공실률,상권,기타,화곡,20261,9.08972482827639
집합상가,공실률,상권,기타,화곡,20262,9.23076829425673
집합상가,공실률,상권,도심,남대문,20243,1.33451981051968
집합상가,공실률,상권,도심,남대문,20244,1.33451981051968
집합상가,공실률,상권,도심,남대문,20251,2.40096046395834
집합상가,공실률,상권,도심,남대문,20252,2.40096046395834
집합상가,공실률,상권,도심,남대문,20253,2.40096046395834
집합상가,공실률,상권,도심,남대문,20254,2.40096046395834
집합상가,공실률,상권,도심,남대문,20261,2.40096046395834
집합상가,공실률,상권,도심,남대문,20262,2.40096046395834
집합상가,공실률,상권,도심,동대문,20243,12.1461578280631
집합상가,공실률,상권,도심,동대문,20244,11.8992940938542
집합상가,공실률,상권,도심,동대문,20251,11.8992940938542
집합상가,공실률,상권,도심,동대문,20252,12.0273074970998
집합상가,공실률,상권,도심,동대문,20253,12.7469638196056
집합상가,공실률,상권,도심,동대문,20254,12.7869417053364
집합상가,공실률,상권,도심,동대문,20261,12.8252613440437
집합상가,공실률,상권,도심,동대문,20262,12.8418638778051
집합상가,공실률,상권,도심,방산시장,20243,8.32023590862282
집합상가,공실률,상권,도심,방산시장,20244,8.56194819137969
집합상가,공실률,상권,도심,방산시장,20251,8.56194819137969
집합상가,공실률,상권,도심,방산시장,20252,8.56194819137969
집합상가,공실률,상권,도심,방산시장,20253,8.56194819137969
집합상가,공실률,상권,도심,방산시장,20254,8.56194819137969
집합상가,공실률,상권,도심,방산시장,20261,8.56194819137969
집합상가,공실률,상권,도심,방산시장,20262,8.56194819137969
집합상가,공실률,상권,도심,종로,20243,11.5867733243182
집합상가,공실률,상권,도심,종로,20244,11.5867733243182
집합상가,공실률,상권,도심,종로,20251,11.1207461953515
집합상가,공실률,상권,도심,종로,20252,11.3976350874984
집합상가,공실률,상권,도심,종로,20253,9.92735202225431
집합상가,공실률,상권,도심,종로,20254,9.88332881302906
집합상가,공실률,상권,도심,종로,20261,9.88332881302906
집합상가,공실률,상권,도심,종로,20262,9.08521528986194
집합상가,공실률,상권,영등포신촌,당산역,20243,6.04151607220397
집합상가,공실률,상권,영등포신촌,당산역,20244,6.04151607220397
집합상가,공실률,상권,영등포신촌,당산역,20251,6.04151607220397
집합상가,공실률,상권,영등포신촌,당산역,20252,6.83468399480461
집합상가,공실률,상권,영등포신촌,당산역,20253,6.22582144312568
집합상가,공실률,상권,영등포신촌,당산역,20254,3.18234325897736
집합상가,공실률,상권,영등포신촌,당산역,20261,1.5484487856731
집합상가,공실률,상권,영등포신촌,당산역,20262,0.29874183847978
집합상가,공실률,상권,영등포신촌,신촌/이대,20243,11.970560178183
집합상가,공실률,상권,영등포신촌,신촌/이대,20244,11.461734295189
집합상가,공실률,상권,영등포신촌,신촌/이대,20251,11.461734295189
집합상가,공실률,상권,영등포신촌,신촌/이대,20252,11.461734295189
집합상가,공실률,상권,영등포신촌,신촌/이대,20253,11.1056074183705
집합상가,공실률,상권,영등포신촌,신촌/이대,20254,11.1056074183705
집합상가,공실률,상권,영등포신촌,신촌/이대,20261,12.4057694262087
집합상가,공실률,상권,영등포신촌,신촌/이대,20262,11.3442209660518
집합상가,공실률,상권,영등포신촌,여의도,20243,3.14186376692527
집합상가,공실률,상권,영등포신촌,여의도,20244,3.27263483594459
집합상가,공실률,상권,영등포신촌,여의도,20251,3.1024509855698
집합상가,공실률,상권,영등포신촌,여의도,20252,3.41879073661324
집합상가,공실률,상권,영등포신촌,여의도,20253,5.41105690435832
집합상가,공실률,상권,영등포신촌,여의도,20254,5.42104457540208
집합상가,공실률,상권,영등포신촌,여의도,20261,5.42104457540208
집합상가,공실률,상권,영등포신촌,여의도,20262,5.36333193281905
집합상가,공실률,상권,영등포신촌,영등포역,20243,23.4756048738976
집합상가,공실률,상권,영등포신촌,영등포역,20244,23.8978143679013
집합상가,공실률,상권,영등포신촌,영등포역,20251,21.7707694574733
집합상가,공실률,상권,영등포신촌,영등포역,20252,20.1663183840029
집합상가,공실률,상권,영등포신촌,영등포역,20253,22.7259088495285
집합상가,공실률,상권,영등포신촌,영등포역,20254,19.2426077348352
집합상가,공실률,상권,영등포신촌,영등포역,20261,16.102758240178
집합상가,공실률,상권,영등포신촌,영등포역,20262,16.4606868158931
집합상가,공실률,상권,영등포신촌,홍대/합정,20243,11.6029942879327
집합상가,공실률,상권,영등포신촌,홍대/합정,20244,11.4915263823981
집합상가,공실률,상권,영등포신촌,홍대/합정,20251,11.4915263823981
집합상가,공실률,상권,영등포신촌,홍대/합정,20252,11.6468776452939
집합상가,공실률,상권,영등포신촌,홍대/합정,20253,11.4227607918351
집합상가,공실률,상권,영등포신촌,홍대/합정,20254,11.8918194094595
집합상가,공실률,상권,영등포신촌,홍대/합정,20261,12.0334400502883
집합상가,공실률,상권,영등포신촌,홍대/합정,20262,12.0334400502883
집합상가,공실률,서울전체,,,20243,9.13723899781036
집합상가,공실률,서울전체,,,20244,9.08368878699686
집합상가,공실률,서울전체,,,20251,9.14486004568858
집합상가,공실률,서울전체,,,20252,9.26873994760978
집합상가,공실률,서울전체,,,20253,9.34622466913327
집합상가,공실률,서울전체,,,20254,9.3105288822835
집합상가,공실률,서울전체,,,20261,9.28705257063407
집합상가,공실률,서울전체,,,20262,9.292848728451
