상권_코드,상권_명,상가건물_수,근생1_수,근생2_수,판매_수,기타상업_수,연면적_중위_㎡,지상층수_중위,지하층보유_수,건물연식_중위_년,신축_10년이내_수,노후_30년이상_수
3001491,이태원 관광특구,352,139,198,5,0,295.2,3,250,43,8,295
3001492,명동 남대문 북창동 다동 무교동 관광특구,216,94,117,5,0,243.3,2,70,65,1,149
3001493,동대문패션타운 관광특구,67,34,17,16,0,712.8,4,40,42,0,55
3001494,종로·청계 관광특구,529,303,224,2,0,204.2,2,168,58,0,253
3001495,잠실 관광특구,30,12,11,7,0,730.9,2,18,38,0,24
3001496,강남 마이스 관광특구,3,0,1,2,0,13657.2,4,2,24,0,0
3110001,이북5도청사,22,5,17,0,0,221.6,2,14,33,0,13
3110002,독립문역 1번,38,18,20,0,0,196.7,3,22,46,0,24
3110003,세검정초등학교,84,25,59,0,0,289.1,2,62,42,0,73
3110004,대신고등학교,41,13,28,0,0,164.0,3,14,57,0,27
3110005,세검정,50,16,34,0,0,245.9,2,31,41,0,40
3110006,부암동주민센터,15,7,8,0,0,239.2,2,7,43,0,11
3110007,사직공원(한국사회과학도서관),59,17,42,0,0,275.0,3,41,39,0,43
3110008,배화여자대학교(박노수미술관),124,41,83,0,0,89.8,2,46,40,0,51
3110009,자하문터널,79,24,55,0,0,215.9,2,46,39,0,43
3110010,평창동서측,75,37,37,0,0,327.8,2,50,38,0,57
3110011,청운초등학교,18,2,16,0,0,306.4,2,11,54,0,13
3110012,성곡미술관,68,18,50,0,0,314.7,2,41,47,0,42
3110013,체부동홍종문가옥,12,6,6,0,0,51.1,1,4,39,0,3
3110014,경복고등학교,30,6,24,0,0,286.8,3,25,33,0,16
3110015,청와대사랑채,14,5,9,0,0,209.6,2,9,33,0,6
3110016,평창동동측,57,34,22,1,0,511.1,2,51,38,0,43
3110017,정독도서관,78,25,53,0,0,76.0,1,24,31,0,10
3110018,중앙고등학교,94,37,57,0,0,98.8,1,43,32,0,35
3110019,창덕궁,113,42,70,0,0,76.8,1,39,32,0,34
3110020,서울국제고등학교,89,25,64,0,0,259.8,3,64,33,0,60
3110021,성균관대학교,99,24,75,0,0,294.5,3,66,36,0,60
3110022,경신고등학교,39,6,33,0,0,321.7,3,28,34,0,21
3110023,서울대병원,25,8,17,0,0,215.4,4,12,32,0,15
3110024,혜회동주민센터,43,11,31,1,0,350.5,3,33,35,0,22
3110025,충신시장옆,80,27,53,0,0,315.4,4,53,34,0,48
3110026,종로5가역 4번,35,12,23,0,0,329.5,4,21,32,0,17
3110027,혜화역 1번,47,20,27,0,0,208.3,2,29,37,0,30
3110028,이화달팽이길,153,72,81,0,0,298.0,3,110,37,0,108
3110029,동대문역 1번,130,57,73,0,0,190.4,3,80,40,0,96
3110030,동대문역 3번,24,13,11,0,0,218.9,3,14,37,0,17
3110031,창신역 1번,43,17,25,1,0,148.8,3,19,38,0,28
3110032,수족관거리,29,14,15,0,0,60.2,1,5,63,0,18
3110033,창신역 4번,82,27,55,0,0,164.3,2,47,37,1,50
3110034,창신1동주민센터,37,28,9,0,0,61.2,1,5,74,0,26
3110035,동묘앞역 2번,84,25,59,0,0,208.7,3,42,42,0,65
3110036,동묘앞역 3번,42,26,16,0,0,220.2,2,19,52,0,38
3110037,신설동역 12번,122,56,66,0,0,241.9,3,68,41,1,90
3110038,경향신문사,22,7,15,0,0,205.1,2,12,59,0,14
3110039,회현역 1번,14,3,11,0,0,283.0,2,8,61,0,9
3110040,중구회현체육센터(정화예술대남산캠퍼스),44,21,23,0,0,204.8,2,23,36,0,26
3110041,남산케이블카,64,32,32,0,0,291.4,2,40,43,0,53
3110042,남산골공원옆,100,27,73,0,0,510.5,3,78,29,3,38
3110043,충무초등학교,99,52,47,0,0,290.2,3,58,42,0,74
3110044,관성묘,15,6,9,0,0,455.6,4,12,38,0,10
3110045,동대문역사문화공원역 5번,85,43,42,0,0,154.0,2,35,45,0,50
3110046,버티고개,15,4,11,0,0,264.2,3,10,46,1,10
3110047,다산성곽길,32,11,21,0,0,243.0,2,19,46,0,24
3110048,장충동주민센터,70,23,47,0,0,484.0,4,59,35,0,45
3110049,장충단 고개,66,22,44,0,0,342.1,3,53,36,1,49
3110050,약수역 7번,16,7,9,0,0,412.0,3,14,32,0,8
3110051,한양공고앞 교차로,60,28,32,0,0,112.4,2,28,40,0,39
3110052,장충초등학교,113,74,39,0,0,286.8,3,69,39,0,83
3110053,청구역 1번,153,96,57,0,0,311.5,3,111,36,1,114
3110054,청구역 3번,104,50,54,0,0,490.0,4,89,36,0,84
3110055,황학동벼룩시장,91,77,14,0,0,183.4,3,43,41,0,75
3110056,신당역 3번,150,113,37,0,0,346.5,4,121,36,0,126
3110057,황학코아루아파트,32,23,9,0,0,228.7,3,16,34,0,19
3110058,성심여자고등학교,199,72,121,0,0,227.5,3,118,37,1,163
3110059,새남터성지,36,19,15,1,0,178.2,2,21,52,0,35
3110060,효창공원앞역 6번,58,26,32,0,0,283.8,3,30,38,1,36
3110061,효창동주민센터,52,26,24,0,0,288.9,3,32,35,2,36
3110062,한강로동땡땡거리(은행나무길),153,57,93,0,0,120.3,2,60,56,0,143
3110063,효창공원앞역 5번,102,37,62,0,0,210.2,3,56,43,1,85
3110064,효창공원앞역 2번,65,23,41,1,0,552.9,4,45,34,0,48
3110065,남정초등학교,38,12,22,0,0,301.4,2,18,37,0,29
3110066,서울역 15번,156,69,84,0,0,126.5,2,77,37,0,90
3110067,배문고등학교,160,57,98,3,0,206.1,3,82,32,0,91
3110068,남영역 1번,151,53,97,0,0,245.9,3,70,44,0,119
3110069,숙대입구,190,89,97,0,0,218.9,3,97,41,1,131
3110070,용산세무서,28,3,25,0,0,155.4,2,15,52,0,24
3110071,한강미주맨션아파트,19,9,9,0,0,732.1,2,14,50,0,14
3110072,열정도,61,8,42,11,0,119.8,2,7,63,0,57
3110073,삼각지역 3번,46,9,37,0,0,275.0,4,35,19,1,19
3110074,서울역 12번,101,31,66,0,0,244.9,3,48,52,0,89
3110075,숙대입구역 1번,80,33,45,0,0,261.9,2,37,57,0,67
3110076,삼각지역 14번,9,3,6,0,0,99.2,2,1,70,0,8
3110077,삼광초등학교,30,12,18,0,0,146.1,2,11,57,0,23
3110078,이촌동점보아파트,11,5,5,1,0,1445.3,4,11,50,0,8
3110079,후암동주민센터,146,68,71,0,0,216.0,3,77,41,2,105
3110080,해방촌예술마을,78,31,43,0,0,200.5,2,53,41,0,66
3110081,해방촌 남동측,95,30,63,0,0,263.1,3,87,38,1,77
3110082,용산구청,78,25,53,0,0,223.6,2,63,42,0,67
3110083,서빙고역 1번,18,3,15,0,0,333.2,3,13,36,0,13
3110084,경리단길북측,160,35,123,0,0,249.1,2,118,40,5,120
3110085,경리단길남측,154,38,113,0,0,199.1,3,111,38,8,107
3110086,이태원역 북측,33,23,10,0,0,288.2,2,25,34,1,24
3110087,이태원엔틱가구거리,58,29,28,0,0,176.5,3,40,36,0,47
3110088,오산고등학교,48,18,27,0,0,278.0,3,41,45,0,37
3110089,서빙고동주민센터,35,15,18,0,0,208.5,2,23,36,0,28
3110090,한국폴리텍대학서울정수캠퍼스,39,10,29,0,0,365.8,3,30,36,0,28
3110091,리움미술관,60,40,19,0,0,324.5,2,47,34,2,36
3110092,NH농협은행 보광동지점,45,27,16,1,0,212.8,2,32,38,0,37
3110093,우사단길,99,48,45,2,0,257.9,3,69,37,1,73
3110094,오산중학교,25,12,13,0,0,313.4,2,18,48,0,24
3110095,한강진역 3번,95,29,65,0,0,303.3,3,86,38,1,69
3110096,한남힐사이드아파트,46,9,36,0,0,260.1,2,42,43,2,36
3110097,한남초등학교,12,1,11,0,0,255.7,2,12,37,0,10
3110098,서울독일학교,32,6,25,0,0,279.5,3,31,38,2,24
3110099,유엔빌리지길,54,10,43,0,0,330.4,2,49,41,0,43
3110100,옥수동우편취급국,6,4,2,0,0,562.0,3,6,45,0,6
3110101,옥정중학교,14,6,7,1,0,394.1,3,12,38,0,13
3110102,옥수역 6번,58,34,24,0,0,458.7,4,48,37,0,50
3110103,옥수터널,12,4,8,0,0,232.3,3,8,38,0,11
3110104,신금호역 4번,37,21,16,0,0,394.7,3,29,36,0,28
3110105,금동어린이공원,48,30,18,0,0,137.6,3,21,43,0,44
3110106,금북초등학교,18,7,11,0,0,351.3,3,13,34,0,12
3110107,금호사거리,31,17,14,0,0,267.3,3,15,42,0,22
3110108,성동구립금호도서관,5,3,2,0,0,387.0,2,5,48,0,4
3110109,금호삼성래미안아파트,41,26,15,0,0,326.5,3,27,43,0,34
3110110,상왕십리역 6번,53,38,15,0,0,255.4,3,25,38,0,43
3110111,대현산장미원,1,1,0,0,0,333.3,2,0,2,1,0
3110112,행당역 2번,72,45,27,0,0,287.9,3,43,34,0,44
3110113,응봉산,16,6,9,0,0,324.3,3,11,44,0,14
3110114,왕십리파출소,59,29,30,0,0,122.3,2,25,56,0,53
3110115,상왕십리역 3번,113,55,58,0,0,299.7,3,86,36,0,99
3110116,청계천박물관,96,59,37,0,0,341.1,4,68,36,0,84
3110117,성동구보건소,64,37,27,0,0,207.8,3,36,38,0,60
3110118,왕십리역 9번,58,30,27,0,0,249.2,3,39,38,0,42
3110119,마장지하차도,31,15,16,0,0,175.1,3,17,40,0,25
3110120,서울숲카페거리,104,25,79,0,0,260.1,2,96,35,0,97
3110121,한양대역 4번,33,19,14,0,0,328.2,3,21,41,0,26
3110122,마장역 2번,69,40,29,0,0,518.7,3,55,42,0,61
3110123,마장역 3번,81,42,38,1,0,455.5,3,54,43,0,75
3110124,뚝섬역교차로,92,37,55,0,0,298.9,3,73,37,0,86
3110125,사근동살곶이상점가,58,28,30,0,0,441.7,3,38,37,0,45
3110126,서울숲역 1번,22,6,16,0,0,178.8,3,16,34,0,17
3110127,성수1가1동주민센터,27,11,16,0,0,338.1,4,18,36,0,22
3110128,성원중학교,245,153,91,0,0,328.9,3,167,41,0,223
3110129,성원어린이공원,29,14,15,0,0,279.0,3,22,37,0,25
3110130,답십리역 6번,42,27,15,0,0,271.1,3,38,37,0,36
3110131,성수동카페거리,183,93,90,0,0,263.9,3,141,48,0,167
3110132,성수2가3동주민센터,76,29,47,0,0,458.8,3,54,40,0,63
3110133,서울교통공사,34,18,15,1,0,476.9,4,27,35,0,30
3110134,성수119안전센터,149,96,52,0,0,307.4,3,108,42,0,137
3110135,성동세무서,52,24,28,0,0,364.8,3,35,49,0,49
3110136,경수초등학교,173,69,102,1,0,313.4,3,115,40,0,155
3110137,성수초등학교,50,22,27,1,0,516.5,2,34,44,0,45
3110138,송정체육공원,99,37,62,0,0,244.7,3,72,41,1,88
3110139,자양4동주민센터,104,68,35,0,0,313.9,3,91,41,1,97
3110140,건대입구역 6번,127,69,56,0,0,410.1,3,106,40,1,111
3110141,건대입구역 1번,40,18,21,0,0,478.2,4,32,31,1,27
3110142,화양사거리,102,32,68,0,0,457.3,4,48,30,11,53
3110143,뚝섬유원지역 1번,16,6,10,0,0,556.2,3,15,37,0,15
3110144,어린이대공원역 4번,47,17,29,0,0,509.2,4,38,35,4,30
3110145,장안초등학교,7,2,4,0,0,374.0,3,6,34,0,5
3110146,신자초등학교,70,47,21,0,0,474.0,3,67,38,0,67
3110147,능동우편취급국,137,73,64,0,0,444.0,3,109,37,2,105
3110148,어린이대공원역 3번,38,14,23,0,0,315.1,3,24,40,2,31
3110149,세종대학교,16,5,11,0,0,1102.4,5,12,22,3,3
3110150,중곡1동 마을마당,121,68,51,2,0,472.7,4,108,38,2,112
3110151,자양한강도서관,55,23,32,0,0,488.7,4,48,34,0,45
3110152,중곡어린이공원,51,32,19,0,0,477.6,4,47,37,0,46
3110153,중곡1동주민센터,23,14,9,0,0,492.7,4,22,37,0,19
3110154,광진정말공원,65,38,27,0,0,482.4,4,60,36,2,55
3110155,광진구청,68,29,38,1,0,510.8,4,53,38,6,52
3110156,군자역 5번,34,9,25,0,0,520.6,3,23,30,1,19
3110157,자양동우체국,48,20,28,0,0,457.9,4,45,33,0,40
3110158,중곡3동주민센터,149,86,59,0,0,422.1,4,125,36,2,126
3110159,구의역 4번,115,57,57,0,0,405.6,4,101,37,1,100
3110160,광진경찰서,26,15,11,0,0,326.6,3,16,46,0,25
3110161,중곡역 3번,115,68,47,0,0,405.9,3,101,37,0,99
3110162,군자역 4번,24,11,13,0,0,519.7,4,18,34,1,16
3110163,성자초등학교,35,21,14,0,0,580.6,4,31,35,0,28
3110164,아차산역 5번,18,5,13,0,0,368.1,2,14,33,0,13
3110165,국립정신건강센터,97,50,47,0,0,576.0,4,87,37,1,79
3110166,구의1동주민센터,80,36,44,0,0,479.9,4,65,36,2,67
3110167,용마초등학교,82,51,30,0,0,411.2,4,66,38,0,74
3110168,대원고등학교,43,22,21,0,0,599.5,4,41,36,2,33
3110169,성동초등학교,40,28,12,0,0,402.2,4,38,36,0,37
3110170,동대부여고,47,27,20,0,0,494.8,4,46,34,0,40
3110171,중곡4동주민센터,28,10,17,0,0,484.2,3,18,39,0,25
3110172,광진초등학교,51,26,23,2,0,377.7,3,31,50,2,39
3110173,구남초등학교,24,6,17,0,0,506.5,3,18,31,0,13
3110174,아차산역 1번,78,36,40,0,0,492.3,4,71,36,2,68
3110175,푸른동산공원,40,21,17,0,0,474.9,4,35,34,0,33
3110176,해오름공원,75,55,19,0,0,425.7,4,70,37,0,64
3110177,동의초등학교,20,10,10,0,0,456.6,4,17,41,0,18
3110178,장로회신학대학교,29,14,15,0,0,303.1,3,19,39,1,23
3110179,광나루역 1번,37,12,25,0,0,474.3,4,23,35,1,20
3110180,광진정보도서관,48,15,29,1,0,603.2,3,35,33,0,29
3110181,신설동역 9번,155,112,43,0,0,341.5,3,99,44,0,124
3110182,용두희망어린이공원,91,41,50,0,0,552.1,4,63,35,0,56
3110183,한국의류시험연구원,84,56,26,0,0,235.5,2,37,58,0,70
3110184,용두사거리,33,18,15,0,0,341.2,3,18,41,0,33
3110185,용두초등학교,42,30,12,0,0,322.5,3,23,42,0,37
3110186,종암초등학교,50,20,30,0,0,323.1,3,23,36,0,34
3110187,제기동역 6번,189,96,91,0,0,365.6,4,114,35,0,138
3110188,용두동신동아아파트,140,87,53,0,0,272.6,2,69,41,0,109
3110189,제기동역 1번,42,17,24,1,0,390.9,3,31,44,0,33
3110190,고대앞사거리,69,38,29,1,0,265.0,2,32,41,0,46
3110191,고려대역 6번,92,50,42,0,0,152.1,2,32,55,0,66
3110192,동의보감타워,50,20,27,2,0,131.5,2,19,61,0,41
3110193,고려대역 4번,55,30,24,1,0,170.5,2,17,41,1,37
3110194,홍파초등학교,95,74,21,0,0,103.8,2,28,57,0,80
3110195,동대문구청,134,69,50,15,0,308.7,3,82,49,0,116
3110196,홍릉근린공원,24,14,10,0,0,119.8,2,7,41,0,15
3110197,세종대왕기념관교차로,19,7,12,0,0,493.5,4,16,43,0,16
3110198,동대문중앙새마을금고본점,30,22,8,0,0,65.4,1,6,51,0,28
3110199,홍릉시장,117,82,35,0,0,98.4,2,43,43,0,97
3110200,동대문경찰서,46,30,16,0,0,213.9,3,22,41,0,39
3110201,전농119안전센터,26,17,8,1,0,248.6,3,16,33,0,19
3110202,전농1동주민센터(전농시장),37,31,5,1,0,224.1,2,22,44,0,32
3110203,떡전교사거리,67,48,19,0,0,348.7,4,59,36,0,55
3110204,간데메공원,172,116,55,1,0,287.0,3,102,44,0,147
3110205,경희대삼거리,113,57,56,0,0,365.9,4,75,36,0,85
3110206,텃골근린공원,78,49,29,0,0,299.4,3,66,36,0,65
3110207,시립대앞사거리,31,21,10,0,0,394.0,3,16,41,0,23
3110208,시조사삼거리,43,29,13,0,0,248.2,3,25,34,0,27
3110209,답십리 장령당공원,41,25,16,0,0,199.4,2,25,42,0,35
3110210,서울시립대,76,35,39,2,0,390.9,3,45,38,0,51
3110211,전곡마을마당공원,124,88,36,0,0,174.6,2,80,42,0,112
3110212,답십리초등학교,100,55,44,0,0,279.5,3,73,39,0,93
3110213,청량초등학교,24,12,12,0,0,333.0,4,16,32,0,14
3110214,경희대후문,78,21,57,0,0,473.2,4,63,22,0,26
3110215,회기역 1번,36,10,26,0,0,491.7,4,30,23,0,13
3110216,전농중학교,79,53,26,0,0,295.8,3,48,43,0,68
3110217,자동차부품상가,129,102,27,0,0,236.6,3,109,37,0,113
3110218,답십리사거리,117,86,31,0,0,303.5,3,92,39,0,105
3110219,삼육보건대학교,91,41,50,0,0,418.4,3,58,36,0,58
3110220,외대앞역 1번,185,115,70,0,0,275.0,3,119,40,0,154
3110221,의릉,71,42,29,0,0,222.7,2,26,54,0,62
3110222,회기역 2번,16,8,8,0,0,272.1,3,6,58,0,15
3110223,군자초등학교,26,17,9,0,0,537.5,4,26,38,0,24
3110224,외대앞역 2번,78,55,23,0,0,199.9,3,62,38,0,71
3110225,촬영소사거리,77,46,30,1,0,366.8,3,58,38,0,54
3110226,장안1동주민센터,225,154,70,1,0,494.3,4,202,40,0,199
3110227,답십리공원,80,34,43,3,0,306.2,2,56,41,0,66
3110228,장안근린공원,138,105,33,0,0,454.3,3,130,41,0,128
3110229,장평중학교,116,83,33,0,0,494.2,3,103,42,0,97
3110230,장안현대홈타운1차아파트,57,38,19,0,0,507.2,3,49,41,0,49
3110231,장안교,19,7,12,0,0,493.6,4,14,39,0,15
3110232,동대부고,85,58,27,0,0,492.5,4,79,40,0,75
3110233,중랑역 1번,73,35,38,0,0,282.7,3,60,36,1,56
3110234,중랑역 4번,30,12,18,0,0,514.0,2,22,48,0,26
3110235,세화어린이공원,24,13,11,0,0,342.5,3,21,37,0,22
3110236,신묵초등학교,140,47,93,0,0,373.6,4,127,36,1,122
3110237,메가박스 상봉,131,76,53,2,0,432.1,3,109,37,3,108
3110238,배꽃어린이공원,25,11,14,0,0,353.2,3,22,36,0,21
3110239,중랑역 2번,6,0,6,0,0,319.4,3,5,35,0,5
3110240,태릉시장 특화거리,47,30,17,0,0,339.5,3,45,42,0,44
3110241,먹골역 5번,70,21,49,0,0,557.1,4,64,35,1,56
3110242,면목5동주민센터,60,42,18,0,0,446.1,3,54,42,0,57
3110243,중랑노인종합복지관,98,59,38,1,0,404.0,4,81,37,2,87
3110244,중화역 4번,88,29,58,1,0,390.8,3,78,39,0,79
3110245,KB국민은행 중화동지점,25,7,17,1,0,471.7,4,24,35,0,22
3110246,월드순복음교회,61,27,34,0,0,492.5,3,45,35,1,49
3110247,먹골역 1번,81,30,51,0,0,529.6,4,67,37,2,56
3110248,먹골파출소,49,15,34,0,0,371.6,3,37,40,2,32
3110249,중화역 1번,100,36,63,1,0,483.4,3,73,35,1,76
3110250,화랑대역 7번,27,8,19,0,0,326.2,4,23,36,1,19
3110251,장안중학교,74,22,52,0,0,491.0,4,65,36,2,61
3110252,장안제일시장,80,48,31,1,0,358.4,3,67,37,2,68
3110253,중곡초등학교,83,61,22,0,0,361.6,3,75,38,0,73
3110254,오거리공원,130,81,48,0,0,341.4,4,115,37,0,120
3110255,상봉역 4번,115,52,60,3,0,464.2,3,87,37,0,92
3110256,면목2동체육관,132,85,46,0,0,377.5,4,112,36,1,110
3110257,상봉역 7번,42,18,24,0,0,257.8,3,24,33,0,26
3110258,면동초등학교,74,44,30,0,0,323.5,3,59,36,0,62
3110259,사가정역 1번,89,59,29,0,0,293.8,4,73,36,0,77
3110260,면목역 3번,49,34,15,0,0,296.2,3,38,35,0,42
3110261,사가정역 4번,80,41,38,1,0,407.3,4,66,36,1,62
3110262,상봉역 3번,120,56,64,0,0,401.5,4,104,40,1,111
3110263,면목역 1번,46,31,15,0,0,443.1,4,42,36,0,38
3110264,면목역 2번,100,64,36,0,0,454.0,4,87,37,2,81
3110265,망우역 1번,57,25,26,6,0,238.1,2,31,42,2,47
3110266,면목동우체국,78,37,40,1,0,357.8,4,72,36,0,73
3110267,망우역 2번,89,24,65,0,0,331.1,3,44,25,2,35
3110268,망우3동주민센터,73,24,49,0,0,549.4,4,61,35,2,55
3110269,용마문화복지센터,41,25,16,0,0,633.0,4,36,35,0,34
3110270,혜원여고,28,19,9,0,0,475.0,3,26,43,0,26
3110271,신내역 1번,32,9,22,1,0,197.7,1,7,20,1,5
3110272,신내1동주민센터,136,34,100,2,0,317.7,3,69,27,3,52
3110273,장스여성병원,47,25,21,1,0,353.0,4,39,33,0,36
3110274,서일대학교,143,76,67,0,0,409.8,4,134,36,0,121
3110275,하나은행 망우동지점,37,20,17,0,0,466.3,4,33,37,0,34
3110276,신내IC북측,17,2,15,0,0,231.1,2,1,16,1,1
3110277,러스크서울병원,72,40,32,0,0,417.6,3,65,38,0,66
3110278,망우본동주민센터,146,82,61,0,0,345.6,3,119,37,1,120
3110279,신내역 2번,23,3,20,0,0,197.9,2,1,18,0,0
3110280,북정마을,22,22,0,0,0,174.9,2,13,41,1,15
3110281,길상사,65,32,32,0,0,258.1,2,44,40,4,43
3110282,국민대학교앞,40,24,16,0,0,363.9,3,24,34,1,25
3110283,성북초등학교앞,43,23,20,0,0,207.6,2,23,38,4,27
3110284,정릉북한산국립공원입구,44,26,17,1,0,367.3,2,24,48,0,40
3110285,홍대부중,64,28,36,0,0,109.7,2,25,42,0,29
3110286,한성대입구역 5번,79,24,55,0,0,167.1,3,39,31,4,32
3110287,정릉3동주민센터,42,13,29,0,0,460.1,4,29,28,0,19
3110288,동구여중,43,20,23,0,0,250.4,3,23,31,9,19
3110289,북한산보국문역 2번,54,27,27,0,0,259.6,2,24,39,4,38
3110290,북한산보국문역 1번,28,12,16,0,0,331.1,3,16,36,0,19
3110291,한성대입구역 3번,104,57,47,0,0,325.9,4,67,35,2,70
3110292,정릉역 2번,25,17,8,0,0,79.5,1,11,39,0,17
3110293,삼선중학교,94,38,55,1,0,305.1,4,58,31,2,45
3110294,서경대학교,66,21,45,0,0,510.1,4,54,21,4,23
3110295,정릉우체국,63,26,37,0,0,224.1,2,21,41,3,43
3110296,성신여대입구역 4번,76,27,49,0,0,155.2,3,31,31,10,34
3110297,경동고등학교,110,43,67,0,0,327.1,4,69,32,2,65
3110298,솔숲어린이공원,24,14,10,0,0,347.3,3,17,38,0,17
3110299,정릉역 1번,129,79,49,0,0,274.7,3,91,36,1,93
3110300,삼선동주민센터,120,40,80,0,0,297.2,4,72,23,5,46
3110301,성신여대입구역 7번,70,28,42,0,0,369.5,4,41,26,1,31
3110302,보문역 8번,121,58,62,0,0,298.8,4,73,31,8,66
3110303,성신여대입구역 1번,85,29,56,0,0,380.1,4,51,29,2,41
3110304,보문역 4번,90,36,54,0,0,297.5,4,40,26,5,38
3110305,보문역 5번,115,61,54,0,0,209.2,3,52,34,6,58
3110306,미아초등학교,22,14,8,0,0,423.7,3,15,37,2,15
3110307,길음역 7번,27,16,11,0,0,391.7,3,17,41,1,18
3110308,길음역 8번,56,25,31,0,0,295.1,3,35,40,2,48
3110309,대광초등학교,71,29,42,0,0,597.2,4,50,32,6,40
3110310,길음역 10번,26,20,6,0,0,231.5,2,11,43,0,22
3110311,종암아이파크2차후문,6,2,4,0,0,257.4,2,3,40,0,5
3110312,안암역 2번,80,20,60,0,0,494.4,4,53,27,7,33
3110313,안암역 3번,131,55,76,0,0,465.5,4,93,33,9,80
3110314,종암경찰서,83,41,40,1,0,374.8,3,47,36,1,54
3110315,종암아이파크2차,62,39,23,0,0,411.0,3,42,40,1,47
3110316,숭곡초등학교,191,124,65,2,0,271.9,3,127,37,4,143
3110317,종암중학교,99,8,91,0,0,511.4,5,59,22,3,11
3110318,KT월곡지사,65,36,29,0,0,365.4,3,47,40,0,55
3110319,종암동주민센터,96,63,33,0,0,266.6,3,51,36,2,67
3110320,KB국민은행 종암동지점,37,23,14,0,0,356.4,3,20,44,0,29
3110321,동덕여대,12,7,5,0,0,290.3,3,5,33,0,7
3110322,장위1동주민센터,74,48,25,1,0,359.1,3,47,51,1,68
3110323,상월곡역 1번,63,30,33,0,0,319.7,3,37,35,3,34
3110324,월곡역 4번,16,5,11,0,0,451.4,4,11,24,1,6
3110325,장곡초등학교,86,58,28,0,0,362.4,3,76,40,7,73
3110326,장위동성당,55,37,18,0,0,378.9,3,45,42,2,47
3110327,상월곡역 2번,82,57,25,0,0,394.5,3,65,37,3,69
3110328,상월곡역 3번,39,17,22,0,0,340.0,3,22,35,3,29
3110329,우리은행체육관,96,71,25,0,0,299.3,3,74,41,7,82
3110330,돌곶이역 1번,49,39,10,0,0,366.8,3,44,38,2,43
3110331,돌곶이역 8번,54,36,18,0,0,276.7,3,35,36,1,42
3110332,돌곶이역 3번,48,19,28,1,0,298.3,2,39,43,0,46
3110333,돌곶이역 5번,61,28,33,0,0,445.8,3,43,45,8,47
3110334,석관중앙교회,99,65,34,0,0,243.6,3,71,39,2,87
3110335,석계역 7번,91,58,33,0,0,332.0,3,59,31,6,49
3110336,석관고등학교,33,22,11,0,0,327.1,3,28,35,2,27
3110337,아카데미하우스,62,17,45,0,0,280.0,2,32,32,3,36
3110338,인수초등학교,27,14,13,0,0,352.8,3,16,36,1,20
3110339,국립4.19민주묘지,24,11,13,0,0,195.0,2,12,42,1,21
3110340,인수중학교,11,7,4,0,0,424.7,4,6,35,0,8
3110341,북한산우이역 2번,50,27,23,0,0,221.4,2,18,40,3,28
3110342,국립재활원,27,11,15,0,0,369.7,4,21,36,1,22
3110343,무너미어린이공원,25,13,12,0,0,383.3,4,20,34,0,18
3110344,화계중학교,21,10,11,0,0,292.5,3,14,34,0,12
3110345,솔밭공원역 2번,54,32,22,0,0,429.8,3,40,37,0,39
3110346,4.19민주묘지역 2번,71,46,25,0,0,326.9,3,42,44,2,60
3110347,구세군강북종합사회복지관,13,9,4,0,0,233.8,3,6,25,0,5
3110348,강북문화예술회관,58,43,14,0,0,349.5,3,41,38,0,51
3110349,화계역 2번,18,14,4,0,0,479.5,3,15,39,0,16
3110350,가오리역 2번,44,30,14,0,0,387.6,4,31,38,1,35
3110351,수유북부시장옆,35,19,16,0,0,291.4,3,26,40,0,29
3110352,수유1동주민센터,96,59,37,0,0,426.9,3,70,37,7,69
3110353,수유동우체국,58,38,20,0,0,488.9,4,41,38,2,48
3110354,삼각산119안전센터,32,24,7,0,0,293.6,3,14,31,3,17
3110355,삼양사거리역 2번,69,53,15,1,0,279.5,3,60,41,3,60
3110356,덕수교,46,27,19,0,0,332.3,3,30,38,2,34
3110357,가오리역 1번,43,21,20,2,0,522.9,4,34,33,0,28
3110358,인수동 우편취급국,68,42,26,0,0,442.7,3,55,39,3,57
3110359,수유시장옆,52,34,17,1,0,353.9,4,43,34,0,40
3110360,수유초등학교,83,45,37,0,0,436.8,4,66,37,4,63
3110361,삼양사거리역 1번,43,29,13,1,0,355.5,3,30,41,1,37
3110362,우이천 계성교,108,71,35,0,0,396.5,3,79,38,4,77
3110363,송천동주민센터,28,16,12,0,0,380.0,3,20,40,2,25
3110364,미아역 8번,71,49,22,0,0,411.7,3,54,39,3,62
3110365,미아역 5번,61,43,18,0,0,297.2,3,49,35,1,53
3110366,광산사거리,46,29,16,0,0,357.6,3,32,35,2,34
3110367,강북구청,63,32,30,0,0,321.8,3,43,38,3,46
3110368,송천초등학교,54,36,18,0,0,179.6,2,32,41,0,49
3110369,성신여대운정그린캠퍼스,86,49,36,0,0,427.5,3,54,37,2,68
3110370,도봉세무서,102,66,36,0,0,299.2,3,76,35,2,78
3110371,삼양입구사거리,64,47,17,0,0,252.2,2,48,43,0,63
3110372,강북중학교,41,25,16,0,0,461.9,4,28,33,4,29
3110373,수유역 2번,48,28,20,0,0,295.1,4,35,33,3,33
3110374,송중초등학교,134,85,47,2,0,358.0,3,101,38,2,110
3110375,서울북부고용노동지청,40,22,17,1,0,301.5,3,27,32,2,28
3110376,수송초등학교,88,51,37,0,0,373.9,3,64,36,3,66
3110377,미아사거리역 3번,50,35,15,0,0,252.9,2,33,44,1,44
3110378,송중동주민센터,57,36,21,0,0,375.4,4,35,34,2,44
3110379,KT&G 북부지사,28,15,13,0,0,296.9,3,22,38,0,22
3110380,강북문화정보도서관,27,19,8,0,0,502.5,3,20,35,2,17
3110381,번동주공2단지,37,15,21,1,0,619.8,4,27,34,0,25
3110382,솔밭공원역 1번,9,3,6,0,0,695.4,3,7,40,0,7
3110383,덕성여대시반거리,26,11,15,0,0,602.6,4,23,33,0,22
3110384,문이교,10,1,9,0,0,199.7,1,5,31,0,7
3110385,효문고등학교,6,4,2,0,0,470.6,3,5,36,0,4
3110386,연산군묘,20,8,12,0,0,244.7,1,8,27,0,8
3110387,쌍문초등학교,60,35,25,0,0,378.2,3,53,34,0,46
3110388,도봉우체국,30,19,11,0,0,474.2,4,27,35,0,23
3110389,한일병원,28,16,12,0,0,381.1,3,17,35,0,18
3110390,방학초등학교,54,34,19,1,0,441.6,3,41,35,0,40
3110391,샘말어린이공원,62,39,23,0,0,429.3,3,52,36,0,54
3110392,발바닥공원,14,7,7,0,0,557.2,4,13,34,0,13
3110393,국민은행방학지점,18,8,10,0,0,1157.1,4,15,36,0,15
3110394,방학중학교,84,64,20,0,0,442.4,4,82,34,0,75
3110395,신한은행 방학동지점,44,31,13,0,0,406.4,3,44,38,0,41
3110396,쌍문역1번(쌍리단길),48,24,24,0,0,411.0,4,38,35,0,38
3110397,도봉산입구,121,85,36,0,0,378.9,3,95,39,0,102
3110398,쌍문2동우체국,79,39,38,2,0,484.2,4,57,35,0,56
3110399,창2동주민센터,101,49,52,0,0,388.2,4,79,34,1,80
3110400,도봉구보건소,71,42,29,0,0,388.4,3,50,36,0,51
3110401,도봉구민회관,23,12,11,0,0,494.2,3,19,36,0,20
3110402,도봉구 정병원,77,48,29,0,0,318.1,3,59,36,0,59
3110403,방학1동주민센터,116,86,29,1,0,339.5,3,106,36,0,101
3110404,신창초등학교,175,114,60,0,0,324.4,3,149,36,0,142
3110405,방학역 1번,115,83,32,0,0,372.0,3,105,37,0,107
3110406,도봉산역 1번,59,23,36,0,0,245.0,2,36,32,0,31
3110407,도봉역 2번,127,84,43,0,0,335.8,3,94,36,0,100
3110408,가인초등학교,24,16,7,1,0,475.1,3,17,33,0,14
3110409,창동역 2번,56,32,23,1,0,486.3,4,36,33,0,37
3110410,방학역 2번,83,44,38,1,0,414.5,3,64,36,0,61
3110411,도봉역 3번,83,39,44,0,0,156.2,2,44,41,0,71
3110412,창동중학교,34,20,14,0,0,511.6,3,27,42,0,25
3110413,누원고등학교,9,5,4,0,0,381.8,2,6,24,0,4
3110414,장석교회,27,12,15,0,0,289.7,2,16,35,3,16
3110415,수락산역 4번,127,56,65,3,0,434.7,3,75,30,3,63
3110416,노원초등학교,70,28,37,1,0,492.3,2,37,28,5,34
3110417,월계역 3번,22,11,11,0,0,329.9,4,16,29,5,10
3110418,광운대학교 남단,59,37,20,1,0,331.8,3,40,36,4,42
3110419,수락산디자인거리,99,40,56,0,0,281.2,2,52,25,10,38
3110420,광운대역 1번,89,31,54,0,0,454.9,4,58,34,1,50
3110421,석계역 1번,80,47,28,1,0,329.2,3,70,38,0,68
3110422,노원역 9번,22,12,9,0,0,231.7,2,13,34,0,16
3110423,석계역 2번,49,26,21,0,0,322.0,3,38,39,0,38
3110424,상계초등학교,62,40,19,0,0,275.4,3,52,36,1,48
3110425,계상초등학교,84,56,27,1,0,469.1,4,71,37,0,72
3110426,상계2동주민센터,115,82,28,1,0,287.7,3,93,36,3,92
3110427,노원 을지대학교병원,30,11,17,1,0,370.5,3,13,25,4,10
3110428,상계5동주민센터,168,108,53,0,0,329.3,3,136,37,3,142
3110429,공릉동 국수거리,155,60,94,0,0,462.2,4,115,32,6,92
3110430,중계초등학교,21,9,12,0,0,863.0,4,20,33,0,19
3110431,상계역,81,25,53,0,0,375.9,4,41,30,4,40
3110432,대진고등학교,51,22,29,0,0,413.7,3,32,29,3,25
3110433,공릉역 2번,49,28,20,0,0,381.8,4,38,34,4,35
3110434,태릉입구역 4번,29,19,10,0,0,475.4,4,25,32,2,18
3110435,서울과학기술대,24,10,13,0,0,466.9,3,16,31,1,12
3110436,상계제일중학교,23,9,13,0,0,468.7,3,12,26,3,8
3110437,당고개역 2번,50,28,19,0,0,368.4,3,35,34,2,30
3110438,경춘선숲길 우측,131,62,65,0,0,444.9,4,96,33,14,83
3110439,당고개역 5번,24,15,8,0,0,297.5,3,17,38,0,20
3110440,상계3동4동주민센터,27,13,14,0,0,480.9,3,21,35,0,24
3110441,영신여고,45,17,27,0,0,493.6,4,36,32,1,30
3110442,화랑대철도공원,5,3,1,0,0,580.2,2,5,26,0,1
3110443,수색역 1번,40,21,18,0,0,167.8,2,17,45,0,33
3110444,수색성당,18,6,12,0,0,459.7,2,11,41,1,10
3110445,덕산중학교,24,13,11,0,0,431.8,3,18,34,0,16
3110446,내를건너서숲으로도서관,47,22,20,0,0,332.5,3,35,35,0,33
3110447,구산초등학교,40,16,21,1,0,326.8,3,36,38,0,33
3110448,상신초등학교입구,26,16,7,0,0,413.5,3,25,37,0,23
3110449,증산역 3번,49,21,27,0,0,508.8,3,39,36,1,37
3110450,시립서북병원,73,26,40,0,0,455.7,4,57,37,2,62
3110451,증산역 4번,60,40,18,0,0,299.3,3,44,38,0,48
3110452,새절역 3번,69,43,21,1,0,343.2,3,50,39,3,54
3110453,신사1동주민센터,124,53,63,0,0,457.8,4,94,35,3,88
3110454,선정중학교,52,28,19,0,0,332.7,3,35,38,1,40
3110455,역촌노인복지관,66,31,29,0,0,432.8,3,43,34,2,46
3110456,구산보건지소,69,28,37,0,0,438.1,4,50,34,4,50
3110457,예일여고,55,25,29,0,0,486.6,4,42,36,1,40
3110458,선일여고,49,17,31,0,0,432.6,3,40,35,0,35
3110459,응암역 2번,51,18,30,0,0,393.9,3,35,36,1,37
3110460,구산역 4번,95,39,52,0,0,416.9,3,67,36,4,72
3110461,새절역 2번,13,7,6,0,0,588.8,5,10,34,0,9
3110462,갈현건영아파트,71,41,26,0,0,328.0,3,52,38,0,62
3110463,응암3동주민센터,32,19,12,0,0,435.3,3,29,42,0,27
3110464,연신내역 5번,51,17,34,0,0,357.7,3,35,33,1,33
3110465,연신내역 7번,60,20,34,0,0,345.2,3,50,37,0,51
3110466,구산역 2번,53,21,31,0,0,360.6,3,35,38,2,42
3110467,은평요양병원,57,30,23,0,0,391.6,3,43,44,1,50
3110468,응암역 3번,133,55,68,0,0,465.2,4,102,36,3,94
3110469,응암정보도서관,159,86,58,1,0,359.3,3,125,38,1,136
3110470,신진과학기술고등학교,32,12,19,1,0,542.2,5,25,32,2,19
3110471,응암동우체국,86,35,44,0,0,275.1,3,59,40,2,68
3110472,연신내역 4번,82,31,43,0,0,372.1,4,60,35,2,67
3110473,구산역 1번,79,50,25,0,0,346.3,3,61,37,1,67
3110474,세명컴퓨터고등학교,29,15,13,0,0,329.7,3,19,47,1,23
3110475,백련산해모로아파트,26,8,17,0,0,445.4,3,22,37,2,20
3110476,역촌역 2번,46,19,24,0,0,407.9,3,34,37,0,36
3110477,은평세무서,78,45,29,0,0,478.6,4,63,35,0,55
3110478,응암1동주민센터,25,9,14,0,0,432.0,3,18,36,1,19
3110479,연신내역 2번,70,36,31,0,0,298.9,3,46,38,2,59
3110480,연신내역 3번,23,12,11,0,0,348.9,3,15,47,0,18
3110481,불광역 7번,54,23,26,0,0,393.1,3,39,36,1,36
3110482,연신초등학교,26,12,13,0,0,333.1,3,23,39,0,22
3110483,연천초등학교,11,6,4,0,0,267.1,3,10,39,0,10
3110484,역촌역 3번,52,26,24,0,0,410.5,3,39,36,3,41
3110485,연신내우체국,34,16,15,0,0,458.2,4,27,37,2,30
3110486,은평구청,65,17,43,0,0,489.6,3,46,37,2,48
3110487,불광역 8번,38,17,19,1,0,335.6,3,24,40,2,29
3110488,우리은행응암동지점,51,28,22,0,0,484.7,4,36,38,3,34
3110489,불광역 3번,18,10,8,0,0,385.2,3,17,38,0,16
3110490,녹번동근린공원,45,27,18,0,0,330.7,3,35,38,1,38
3110491,불광중학교,24,6,18,0,0,155.1,2,10,38,2,17
3110492,하나고등학교,22,12,10,0,0,498.5,3,18,8,20,0
3110493,북가좌초등학교,33,18,15,0,0,361.9,3,29,43,0,26
3110494,증산3교남측,13,4,9,0,0,182.0,2,7,37,0,10
3110495,북가좌2동주민센터,80,42,37,0,0,436.4,3,66,37,2,63
3110496,모래내우체국,74,37,37,0,0,411.4,3,65,47,3,61
3110497,가좌역 3번,10,8,2,0,0,1131.8,3,7,40,0,5
3110498,증산역 1번,59,29,25,5,0,470.5,3,48,38,0,49
3110499,연가초등학교,41,18,23,0,0,357.7,3,33,42,2,30
3110500,남가좌동현대아파트,16,9,7,0,0,276.7,3,15,36,0,14
3110501,연희어린이공원,73,37,36,0,0,159.1,3,42,38,13,52
3110502,남가좌파출소,114,70,44,0,0,319.3,3,85,36,8,90
3110503,명지대학교교회,93,38,54,0,0,426.5,3,70,39,9,64
3110504,명지전문대,3,2,1,0,0,54.5,2,1,25,1,1
3110505,홍남교남측,44,27,17,0,0,306.5,3,32,37,0,33
3110506,연희임광아파트,20,8,12,0,0,427.3,4,17,36,2,15
3110507,명지대학교,159,67,91,0,0,388.8,3,127,39,4,120
3110508,서연중학교,89,71,18,0,0,280.7,2,78,49,10,71
3110509,연희대우아파트앞,66,27,39,0,0,573.4,4,49,37,2,42
3110510,홍연시장,39,27,12,0,0,285.1,3,36,42,1,33
3110511,연희초등학교,69,21,48,0,0,423.9,4,53,30,2,37
3110512,연희지하차도,40,19,21,0,0,414.3,3,31,37,1,28
3110513,연희파출소,82,46,35,1,0,398.3,3,71,41,6,60
3110514,서대문우체국,23,9,14,0,0,441.0,4,16,34,0,16
3110515,홍은중학교,21,13,8,0,0,288.0,2,16,41,0,18
3110516,정원여중,38,19,19,0,0,472.7,3,34,46,3,30
3110517,서대문소방서,45,9,36,0,0,389.4,3,36,36,5,29
3110518,서대문구청,15,8,6,0,0,466.2,3,11,38,0,11
3110519,서대문구보건소별관,41,23,18,0,0,425.8,3,35,35,0,32
3110520,경의중앙 신촌역,44,20,24,0,0,540.2,4,37,33,2,30
3110521,홍제역 4번,28,14,13,1,0,328.0,3,21,37,1,26
3110522,홍제역 3번,16,13,3,0,0,487.9,3,15,38,0,15
3110523,홍제성원아파트,3,2,1,0,0,339.9,3,2,41,1,2
3110524,연희세브란스병원,26,9,17,0,0,432.1,3,21,34,0,17
3110525,홍은종합사회복지관,69,36,33,0,0,209.4,3,40,32,1,57
3110526,봉원사,22,9,13,0,0,389.4,3,14,33,0,14
3110527,홍제역 2번,36,12,22,1,0,333.5,3,26,36,1,28
3110528,서울여자간호대학교,71,45,26,0,0,288.6,3,47,40,1,59
3110529,홍제3동주민센터,70,37,33,0,0,330.9,3,46,50,0,63
3110530,아현역 1번,40,25,15,0,0,199.7,3,23,42,0,35
3110531,홍지문,16,3,13,0,0,204.4,2,8,35,0,9
3110532,아현역 2번,77,59,18,0,0,198.6,3,44,43,1,64
3110533,충정로역 7번,19,14,5,0,0,147.8,3,10,36,0,17
3110534,경기대학교,39,22,17,0,0,215.3,2,24,38,0,28
3110535,영천시장입구,66,34,32,0,0,232.2,3,34,46,0,53
3110536,돈의문센트레빌아파트입구,16,9,7,0,0,248.5,3,11,37,0,12
3110537,충정로현대아파트,56,23,33,0,0,198.8,2,30,49,0,44
3110538,충정로역 3번,32,4,28,0,0,44.5,1,6,72,1,23
3110539,미근동,29,10,19,0,0,77.7,2,8,54,1,14
3110540,망원나들목체육관,23,9,14,0,0,235.0,2,12,34,1,17
3110541,동교초등학교,63,21,41,0,0,390.8,4,46,34,4,40
3110542,마포구청역 7번,66,19,47,0,0,458.5,4,44,29,5,31
3110543,중암중학교,6,2,3,1,0,480.4,3,6,35,0,4
3110544,망리단길,271,112,158,0,0,281.9,3,190,36,26,209
3110545,마포구청역 1번,7,0,6,1,0,607.0,2,5,34,0,6
3110546,양화대교북단,40,21,19,0,0,365.4,4,25,32,5,22
3110547,KB국민은행 망원동지점,48,22,26,0,0,493.8,4,36,37,1,35
3110548,마포구청역 4번,47,13,33,1,0,362.2,3,31,32,3,27
3110549,새터산,48,13,35,0,0,559.1,4,44,36,3,37
3110550,합정역 8번,124,39,82,0,0,370.0,4,94,35,13,87
3110551,성서초등학교,76,20,56,0,0,407.7,4,47,29,11,36
3110552,성미산체육관,38,9,29,0,0,640.2,4,28,32,3,22
3110553,가좌역 2번,53,23,29,0,0,325.6,3,38,33,2,33
3110554,망원역 1번,101,15,85,0,0,450.5,4,73,30,18,53
3110555,홍익지구대,34,2,32,0,0,566.1,5,22,29,5,15
3110556,절두산순교성지,38,14,24,0,0,252.1,3,28,34,8,20
3110557,홍대부속여중고앞,87,20,67,0,0,426.0,4,62,33,14,55
3110558,경성고등학교,140,39,98,0,0,364.0,3,103,35,13,94
3110559,성산중학교,117,18,98,0,0,337.9,4,80,33,16,67
3110560,마포FM,41,19,22,0,0,376.5,3,25,42,6,29
3110561,상수역 4번,68,16,52,0,0,204.2,3,44,34,12,41
3110562,연트럴파크(연남동주민센터),143,36,106,0,0,246.8,3,91,36,21,97
3110563,상수역 3번,38,9,29,0,0,397.7,5,24,23,7,17
3110564,홍대입구역 3번,73,18,54,0,0,318.5,3,51,36,6,53
3110565,홍익대,20,3,17,0,0,640.8,5,17,34,1,12
3110566,경의선책거리,166,36,128,1,0,421.2,4,130,33,20,97
3110567,광흥창역 6번,47,20,27,0,0,313.1,3,24,39,5,31
3110568,광흥창역 1번,44,17,27,0,0,204.7,2,20,25,4,17
3110569,홍대땡땡거리,117,39,76,0,0,369.6,4,82,32,7,72
3110570,KB국민은행 서강지점,26,7,19,0,0,397.5,4,13,33,1,18
3110571,신수동주민센터,97,40,55,1,0,325.6,3,62,35,8,61
3110572,서강대역 1번,143,53,85,1,0,347.1,3,93,35,9,85
3110573,신촌역 6번,14,5,8,0,0,444.7,4,13,36,0,13
3110574,서강대학교,7,0,7,0,0,950.8,5,7,30,1,4
3110575,대흥동주민센터,27,21,5,0,0,274.0,3,23,37,0,25
3110576,대흥역 3번,120,55,64,1,0,201.5,3,61,38,9,91
3110577,용강동주민센터,26,13,13,0,0,368.8,3,13,31,4,15
3110578,대흥역 2번,107,64,42,0,0,222.4,3,63,36,6,78
3110579,마포역 4번,34,11,22,0,0,113.8,2,15,35,3,19
3110580,양원초등학교,38,23,15,0,0,289.8,4,28,39,1,34
3110581,염리초등학교,7,4,3,0,0,643.5,4,7,43,0,7
3110582,이대역 5번,49,26,21,2,0,233.3,3,29,48,1,45
3110583,공덕래미안3차아파트,27,8,19,0,0,235.5,3,9,22,4,7
3110584,아현역 4번,51,27,24,0,0,224.8,3,29,39,2,36
3110585,마포경찰서,16,7,9,0,0,163.5,2,7,56,2,7
3110586,서울서부지방법원,143,49,93,0,0,245.0,3,81,47,5,106
3110587,공덕동주민센터,59,23,36,0,0,286.3,3,31,31,6,29
3110588,한겨레신문사,51,32,19,0,0,264.8,3,42,31,2,34
3110589,애오개역 3번,23,14,8,0,0,464.1,4,16,32,1,12
3110590,만리재,44,26,18,0,0,182.2,3,23,41,0,28
3110591,충정로역 6번,48,33,11,0,0,387.7,3,33,42,0,43
3110592,서울금융고등학교,21,12,9,0,0,1048.2,4,19,37,0,19
3110593,신월3동주민센터,78,49,29,0,0,239.2,3,56,39,0,70
3110594,신월중학교,29,12,17,0,0,479.8,4,21,33,0,20
3110595,메디힐병원,93,50,42,1,0,561.2,3,79,36,0,74
3110596,서서울호수공원,33,21,12,0,0,558.8,3,28,37,0,23
3110597,신월1동주민센터,85,55,30,0,0,405.7,3,76,36,0,73
3110598,신월문화체육센터,63,37,26,0,0,494.8,3,58,38,0,60
3110599,신월1파출소,50,38,12,0,0,338.5,3,43,39,0,45
3110600,신월7동주민센터,56,30,26,0,0,548.4,3,50,38,0,50
3110601,신월1동우편취급국,87,49,37,1,0,403.5,3,62,34,0,66
3110602,신월시영아파트중문,44,19,25,0,0,747.1,4,40,37,0,40
3110603,지향초등학교,32,12,20,0,0,752.8,3,14,23,0,7
3110604,신월4동주민센터,61,29,32,0,0,443.0,3,32,34,0,42
3110605,목동센트럴아이파크앞,22,10,12,0,0,608.2,3,20,38,0,19
3110606,신한은행 신월동지점,55,26,29,0,0,538.5,3,45,41,0,42
3110607,금빛새마을금고본점,21,12,9,0,0,493.3,3,19,38,0,20
3110608,신월2동주민센터,86,48,38,0,0,420.1,3,72,34,0,74
3110609,신정네거리역 2번,16,9,7,0,0,440.7,3,16,39,0,14
3110610,계남근린공원,10,8,1,1,0,205.4,2,8,37,0,10
3110611,신정역 1번,53,31,22,0,0,442.9,2,37,35,0,46
3110612,신정역 5번,55,31,24,0,0,481.7,3,48,39,0,48
3110613,신정네거리역 4번,17,7,10,0,0,294.9,3,14,37,0,15
3110614,목동로데오거리,66,40,26,0,0,418.9,4,56,33,0,47
3110615,신서초등학교,25,10,15,0,0,443.5,4,18,29,0,11
3110616,양목초등학교,7,3,4,0,0,494.9,4,6,27,0,2
3110617,등촌역 4번,26,14,12,0,0,486.9,4,23,38,0,22
3110618,강서고등학교,41,23,18,0,0,429.5,3,35,36,0,34
3110619,목4동주민센터,48,20,28,0,0,489.2,4,44,37,0,42
3110620,목동보건지소,88,42,46,0,0,483.0,4,69,34,0,55
3110621,목동역 5번,28,13,15,0,0,328.4,4,26,32,0,23
3110622,달마을공원,37,15,22,0,0,569.4,3,26,33,1,21
3110623,갈산공원,33,7,26,0,0,347.6,3,21,28,1,14
3110624,목동문화체육센터,20,4,16,0,0,566.6,4,14,30,0,10
3110625,신정2동주민센터,81,30,51,0,0,415.2,4,49,32,0,51
3110626,양화초등학교,31,13,18,0,0,545.8,4,25,33,0,18
3110627,신정롯데캐슬아파트,94,46,47,1,0,342.5,3,66,32,0,59
3110628,신목동역,19,11,8,0,0,305.8,3,13,35,0,14
3110629,송정역 4번,18,6,12,0,0,336.6,2,8,33,0,11
3110630,공항시장역 1번,116,62,53,0,0,309.2,3,69,35,1,87
3110631,방화초등학교,79,27,52,0,0,340.5,4,59,33,0,65
3110632,방화역 3번,49,29,20,0,0,490.0,3,32,32,0,34
3110633,개화산역 1번,33,19,14,0,0,486.4,3,27,36,0,27
3110634,송정역 3번,134,86,48,0,0,343.6,3,97,38,0,102
3110635,공항시장역 3번,60,31,29,0,0,239.8,2,33,45,0,54
3110636,방화역 2번,24,11,13,0,0,363.5,3,15,32,0,14
3110637,송정역 2번,44,22,21,0,0,172.4,2,16,37,0,28
3110638,신방화역 2번,128,60,67,1,0,455.9,3,86,34,1,85
3110639,신방화역 8번,53,29,24,0,0,388.6,3,40,35,0,42
3110640,방화역 1번,26,12,13,1,0,515.2,3,18,30,1,14
3110641,공항고등학교,64,29,35,0,0,308.8,2,32,29,2,32
3110642,정곡초등학교,11,4,7,0,0,494.6,4,7,31,0,8
3110643,강서구다솔마을,23,11,12,0,0,376.1,4,11,26,0,0
3110644,신광명마을,30,12,18,0,0,240.4,2,13,24,0,12
3110645,우장산역 4번,51,19,31,0,0,709.7,3,44,38,0,38
3110646,푸른들청소년도서관,116,58,58,0,0,596.1,4,83,33,1,70
3110647,화곡역 5번,110,56,54,0,0,364.4,3,85,35,1,84
3110648,양천향교역 7번,1,0,1,0,0,144.2,1,0,55,0,1
3110649,우장산역 1번,31,9,22,0,0,445.0,3,23,35,0,21
3110650,우장산힐스테이트,22,11,10,1,0,665.2,3,16,33,0,13
3110651,화원중학교,76,44,31,1,0,471.8,3,52,38,0,60
3110652,양천향교역 2번,58,19,38,1,0,619.7,3,44,33,0,39
3110653,화곡역 2번,73,35,38,0,0,463.4,4,64,35,0,61
3110654,까치산역 4번,114,59,54,0,0,475.3,3,90,35,0,90
3110655,발산역 5번,44,13,31,0,0,915.4,4,30,28,1,18
3110656,까치산역 3번,140,55,84,1,0,484.8,4,103,33,0,94
3110657,양천향교역 5번,40,14,25,1,0,596.8,3,24,33,0,30
3110658,화곡초등학교,61,27,34,0,0,494.9,3,45,35,1,46
3110659,화곡역 4번,91,47,42,2,0,429.8,3,61,38,0,67
3110660,등촌3동주민센터,67,30,37,0,0,912.4,4,45,29,0,30
3110661,강서새말어린이공원,14,5,9,0,0,354.9,3,11,36,0,10
3110662,까치산역 1번,51,22,29,0,0,450.7,3,40,35,0,37
3110663,우장산롯데캐슬아파트앞,25,6,19,0,0,584.0,4,15,27,0,11
3110664,강서구청옆,26,11,15,0,0,300.5,2,21,42,0,22
3110665,곰달래도서관,120,78,42,0,0,396.4,3,79,33,0,78
3110666,KC대학교,31,21,10,0,0,453.3,3,29,38,0,28
3110667,가양역 10번,21,13,5,3,0,1591.3,4,16,32,0,14
3110668,화곡2동주민센터,50,29,21,0,0,539.5,3,38,35,1,36
3110669,화곡보람2차아파트,14,8,6,0,0,237.6,2,11,40,0,14
3110670,신곡초등학교,25,14,11,0,0,479.0,4,18,34,0,16
3110671,등촌1동주민센터,93,39,50,4,0,530.0,3,65,33,3,51
3110672,백석중학교,34,19,15,0,0,386.8,3,25,43,0,29
3110673,뜸부기어린이공원,94,65,29,0,0,430.0,3,77,33,0,73
3110674,강서구청가양동별관,16,6,9,1,0,1633.8,4,15,28,0,7
3110675,화곡4동주민센터,22,9,13,0,0,493.5,4,20,35,0,19
3110676,등촌역 7번,20,8,12,0,0,425.1,4,16,33,0,14
3110677,등촌역 1번,42,23,19,0,0,630.4,3,36,40,0,31
3110678,염창무학아파트,22,9,13,0,0,688.9,3,16,32,0,14
3110679,염창역 2번,35,12,23,0,0,493.0,3,23,36,0,24
3110680,온수역 5번(온수산업단지),34,13,21,0,0,238.6,2,13,37,2,19
3110681,온수역 1번,28,9,17,1,0,638.4,3,17,29,2,14
3110682,온수역 8번,9,4,5,0,0,366.9,3,8,38,0,6
3110683,오류고등학교,11,2,9,0,0,268.0,2,6,27,1,4
3110684,서울공연예술고등학교,27,11,16,0,0,429.0,3,14,28,2,11
3110685,금강수목원아파트,13,6,6,1,0,418.2,2,7,37,0,8
3110686,수궁동주민센터,60,35,24,1,0,393.0,3,44,35,0,49
3110687,"천왕역 3번(오류2동주민센터, 서울오류남초등학교)",26,9,17,0,0,320.7,3,14,16,1,7
3110688,오류지구대,30,20,10,0,0,365.5,3,21,36,2,19
3110689,오류동역 3번,36,20,15,0,0,339.5,3,21,29,2,16
3110690,오류2동버들시장,104,58,46,0,0,391.4,4,82,33,6,73
3110691,개봉중학교,57,34,22,1,0,390.4,3,45,37,1,43
3110692,큰굴다리,18,8,10,0,0,402.7,3,13,33,1,13
3110693,오류동역 4번,8,5,3,0,0,180.9,4,4,37,1,6
3110694,세곡초등학교,85,56,29,0,0,361.2,3,74,35,4,74
3110695,개봉1동주민센터,111,80,31,0,0,295.2,3,98,43,2,101
3110696,오류동역 1번,17,6,11,0,0,269.1,3,6,30,1,9
3110697,개봉3동주민센터,22,10,12,0,0,332.0,3,14,36,0,19
3110698,개웅초등학교(개웅중학교),19,13,6,0,0,308.6,3,6,32,1,11
3110699,덕의초등학교,65,40,25,0,0,450.5,3,50,33,4,39
3110700,고척초등학교,76,41,33,2,0,322.9,2,45,42,0,58
3110701,고척동성당,39,25,14,0,0,365.3,3,29,33,2,27
3110702,개봉초등학교,30,14,16,0,0,269.3,3,18,35,1,21
3110703,개봉역,77,36,38,2,0,563.2,4,55,37,0,49
3110704,고척중학교,6,2,3,1,0,1189.6,3,2,14,1,1
3110705,고산초등학교,5,2,2,1,0,969.6,4,4,37,0,4
3110706,그라운드 고척,50,29,21,0,0,361.1,3,33,44,2,37
3110707,구로창업지원센터,212,97,115,0,0,150.2,2,88,48,0,180
3110708,화원어린이공원,14,8,6,0,0,524.7,4,11,35,2,10
3110709,구로119안전센터,56,36,20,0,0,368.4,4,44,34,0,43
3110710,남구로역 3번,176,118,58,0,0,201.0,3,100,41,5,127
3110711,구로초등학교,129,84,45,0,0,292.0,3,86,37,6,104
3110712,남구로역 5번,62,44,18,0,0,189.9,2,21,57,0,47
3110713,구로보건소,126,67,57,1,0,435.1,4,102,35,2,91
3110714,구로4동주민센터,81,58,23,0,0,412.4,3,56,41,0,68
3110715,구로구민회관,19,16,3,0,0,265.2,4,18,36,0,18
3110716,구로나눔길,42,36,6,0,0,228.2,3,40,42,1,39
3110717,남구로역 2번,90,53,35,1,0,325.6,3,58,43,2,61
3110718,한국SGI본부,90,42,48,0,0,376.6,4,80,38,2,71
3110719,영서중학교,6,4,2,0,0,425.2,3,5,44,0,5
3110720,대림역 2번,63,35,26,1,0,488.6,4,50,37,1,50
3110721,가리봉파출소,28,13,15,0,0,499.4,3,21,35,6,20
3110722,G타워,68,7,61,0,0,984.3,8,35,16,2,7
3110723,가산디지털단지역 1번 출입구,29,8,21,0,0,195.1,2,11,42,1,21
3110724,금천구립가산도서관,46,10,36,0,0,838.3,7,17,18,7,15
3110725,가산동주민센터,27,10,16,1,0,323.7,3,17,38,1,18
3110726,금천철쭉어린이공원(금하마을),8,4,4,0,0,484.5,4,7,33,1,6
3110727,독산역 1번 출입구,13,2,11,0,0,1611.1,4,11,18,0,4
3110728,두산초등학교,24,7,17,0,0,931.3,5,12,17,2,9
3110729,가산동우체국,90,31,57,0,0,658.3,4,59,34,4,52
3110730,서울축산농협 독산역지점(독산파출소),55,24,30,0,0,558.7,4,44,40,3,39
3110731,금천구청역 1번 출입구,40,18,22,0,0,474.8,3,28,41,3,33
3110732,가산초등학교(세일중학교),60,28,32,0,0,676.1,3,52,40,2,44
3110733,금천어울림복지센터,8,5,2,1,0,977.8,4,8,35,2,5
3110734,금천파출소,14,8,6,0,0,199.7,2,7,44,0,10
3110735,말미고개,52,21,30,1,0,364.6,3,41,37,1,44
3110736,독산119안전센터,66,31,35,0,0,535.8,3,50,38,1,57
3110737,금천세무서,24,17,6,0,0,421.7,3,22,42,1,18
3110738,문성초등학교,72,36,35,1,0,484.2,3,63,40,6,55
3110739,시흥3동 우편취급국,24,9,14,1,0,894.5,3,9,39,0,20
3110740,금천해태공원,32,16,16,0,0,628.0,4,26,34,1,22
3110741,독산2동주민센터,44,26,18,0,0,420.4,3,40,38,2,36
3110742,KT금천빌딩(금천구시설관리공단),25,8,17,0,0,748.9,3,14,39,2,20
3110743,시흥초등학교(시흥1동우체국),54,29,25,0,0,474.5,3,46,42,3,43
3110744,독산동성당,59,37,21,0,0,475.3,3,50,41,1,52
3110745,독산동정훈단지,32,16,15,1,0,357.7,3,29,40,0,26
3110746,금천금빛공원(은행나무사거리서측),38,20,17,0,0,387.9,3,32,37,1,34
3110747,석수역 1번 출입구,49,16,18,15,0,735.7,2,26,39,3,39
3110748,백산초등학교,41,11,30,0,0,441.1,3,29,38,3,25
3110749,금산초등학교(금천고등학교),67,22,44,1,0,466.2,3,49,35,1,56
3110750,시흥4동주민센터(서울신흥초등학교),41,21,20,0,0,353.5,3,38,38,1,33
3110751,난곡중학교,69,37,32,0,0,450.4,4,64,35,1,58
3110752,한울중학교,54,21,32,0,0,492.6,3,37,34,3,36
3110753,시흥동 은행나무사거리,76,38,34,1,0,304.1,3,57,38,2,65
3110754,삼성산자연공원(서울금천초등학교),51,29,22,0,0,433.0,3,38,39,2,39
3110755,동일여자고등학교,64,31,33,0,0,370.1,3,38,27,3,26
3110756,문래중학교,13,8,4,1,0,331.8,2,5,39,0,8
3110757,양평역 2번,83,49,34,0,0,344.7,3,44,40,5,64
3110758,문래소공원,17,5,12,0,0,360.0,2,7,34,0,10
3110759,문래예술촌(문래창작촌),455,302,151,2,0,86.1,1,128,55,2,293
3110760,선유도역 6번,52,28,24,0,0,378.2,3,26,39,4,34
3110761,문래동남성맨션,30,14,16,0,0,188.8,1,11,54,0,21
3110762,선유도역 1번,163,70,92,1,0,412.9,3,101,37,5,122
3110763,영등포구청역 2번,36,11,25,0,0,497.2,4,26,34,7,21
3110764,문래역 3번,19,15,4,0,0,1339.1,5,12,35,2,11
3110765,문래동사거리,87,44,42,0,0,66.1,1,13,58,0,65
3110766,대림역 5번,69,20,49,0,0,556.2,3,61,39,1,62
3110767,도림동주민센터,16,4,12,0,0,829.5,5,6,20,3,4
3110768,도림2동유수지내체육시설,77,39,37,1,0,417.2,4,47,33,4,43
3110769,대림차이나타운(대림역 12번),23,14,9,0,0,283.7,4,19,38,0,16
3110770,영등포구청역 6번,75,32,43,0,0,251.0,4,45,35,3,52
3110771,대림역 11번,12,5,7,0,0,256.0,2,10,45,0,10
3110772,신우어린이공원,30,23,7,0,0,307.1,3,26,38,0,25
3110773,당산역 13번,14,6,8,0,0,491.2,4,12,33,1,10
3110774,당산반도유보라팰리스아파트,57,18,38,1,0,734.1,5,46,30,8,29
3110775,대동초등학교,35,24,11,0,0,315.3,3,30,47,1,28
3110776,도신초등학교,85,59,24,2,0,307.9,3,81,40,0,79
3110777,구로세무서,38,20,18,0,0,142.3,1,11,44,1,30
3110778,구로디지털단지역 4번,131,71,59,0,0,318.4,3,95,45,2,112
3110779,대림갑을명가아파트,19,11,8,0,0,484.2,4,14,42,0,15
3110780,신길대성유니드아파트,75,51,24,0,0,310.5,3,60,40,2,59
3110781,대림한신아파트,33,16,17,0,0,383.5,3,28,36,0,26
3110782,영등포시장역 4번,39,24,15,0,0,286.2,3,14,34,3,18
3110783,영등포시장역 1번,58,35,23,0,0,212.6,3,29,35,1,41
3110784,신대림초등학교,33,21,12,0,0,377.3,4,29,36,0,29
3110785,영등포푸르지오아파트,115,76,39,0,0,366.3,3,87,34,2,87
3110786,당산역 8번,22,11,11,0,0,420.4,4,12,30,2,12
3110787,신길3동주민센터,92,76,16,0,0,221.8,3,58,34,4,67
3110788,영등포시장역 3번,16,11,5,0,0,168.6,2,8,43,1,10
3110789,대림성모병원,60,33,26,1,0,292.3,3,43,49,2,51
3110790,대림1동주민센터,73,53,20,0,0,299.5,3,56,48,2,68
3110791,신풍역 3번,25,15,10,0,0,282.1,2,19,42,0,21
3110792,영등포역 2번,83,46,37,0,0,481.8,4,74,35,0,65
3110793,대림썬프라자,5,2,1,2,0,754.5,3,3,49,0,5
3110794,영동초등학교,52,18,34,0,0,784.3,4,39,32,2,30
3110795,도림초등학교,57,37,18,2,0,299.9,3,34,39,0,49
3110796,한림대학교한강성심병원,7,4,3,0,0,812.9,3,5,43,0,6
3110797,KT대방빌딩,13,5,8,0,0,367.7,3,10,36,0,11
3110798,신풍역 2번,8,6,2,0,0,644.7,3,8,41,0,8
3110799,영등포본동주민센터,19,7,12,0,0,306.7,4,11,29,2,8
3110800,영등포동성당,48,39,9,0,0,151.4,1,26,50,0,34
3110801,신풍역 6번(신길6동공영주차장),15,10,5,0,0,147.1,2,4,51,0,14
3110802,신길동홍어거리,28,19,9,0,0,287.6,2,20,38,0,23
3110803,신길2동우편취급국,70,52,18,0,0,217.3,2,35,43,0,62
3110804,신풍역 1번,61,27,34,0,0,360.7,3,42,37,5,46
3110805,신길새마을금고신길4동지점,56,43,11,2,0,268.9,3,34,46,2,50
3110806,서울시립영등포장애인복지관,3,2,1,0,0,542.8,1,1,36,0,2
3110807,신길역 3번,16,3,13,0,0,526.7,5,6,16,1,1
3110808,신길역 1번,23,18,5,0,0,233.9,3,14,34,1,16
3110809,장훈고등학교,36,18,18,0,0,266.1,3,21,41,0,32
3110810,영신초등학교,98,62,33,3,0,307.1,3,76,41,5,82
3110811,보라매역 4번,27,10,17,0,0,355.0,3,20,41,1,23
3110812,신길6동주민센터,52,21,31,0,0,442.7,4,35,28,6,25
3110813,보라매역 6번,79,46,33,0,0,329.4,3,54,38,6,61
3110814,서울지방병무청,63,36,27,0,0,381.6,4,48,34,1,47
3110815,공군호텔,102,49,53,0,0,385.8,3,72,35,1,73
3110816,대방역 6번,23,14,9,0,0,339.2,3,15,33,0,15
3110817,대방역 4번,29,16,13,0,0,226.4,3,12,32,5,15
3110818,신대방역 3번,16,4,11,0,0,548.7,4,12,33,1,11
3110819,신대방역 4번,84,48,34,0,0,406.5,3,56,40,0,71
3110820,성남고등학교,66,26,40,0,0,546.9,4,41,32,0,37
3110821,보라매역 2번,50,30,19,1,0,317.8,3,37,35,1,39
3110822,신대방삼거리역 4번(대림초등학교),10,4,6,0,0,633.2,4,7,32,0,6
3110823,신대방삼거리역 3번,32,17,15,0,0,432.2,3,24,34,2,26
3110824,대방역 3번,22,9,13,0,0,536.7,4,16,30,0,10
3110825,신대방삼거리역 1번,54,25,27,0,0,320.1,3,43,35,2,37
3110826,장승배기역 4번,78,40,37,0,0,489.3,4,55,33,3,49
3110827,NH농협은행 상도동지점,46,25,21,0,0,447.2,3,39,37,2,37
3110828,노량진역 6번,157,96,60,0,0,265.9,3,104,38,0,131
3110829,장승배기역 5번,40,22,18,0,0,420.5,3,28,42,2,32
3110830,상도초등학교,44,18,26,0,0,327.6,3,32,36,1,34
3110831,상도4동주민센터,41,23,18,0,0,336.0,3,27,33,0,31
3110832,노량진초등학교,65,32,33,0,0,367.7,3,40,38,1,48
3110833,상도역 2번,41,17,24,0,0,358.3,3,26,33,2,26
3110834,동작구자원봉사센터,67,22,45,0,0,466.3,4,52,30,0,35
3110835,상도역 1번,24,12,12,0,0,474.6,4,13,32,2,13
3110836,상도역 5번,173,58,111,0,0,537.4,4,132,24,8,77
3110837,숭실대입구역 1번,99,32,66,0,0,542.6,4,76,29,5,47
3110838,상도1동주민센터앞,13,7,6,0,0,477.6,4,12,37,0,9
3110839,숭실대입구역 4번,63,30,32,0,0,496.5,4,52,33,1,39
3110840,중앙대학교,123,70,53,0,0,237.9,3,72,37,3,80
3110841,중대부중,55,36,19,0,0,213.7,3,31,33,0,46
3110842,흑리단길,73,45,27,1,0,207.6,2,31,52,1,60
3110843,사당5동주민센터,34,19,15,0,0,369.5,3,26,36,0,25
3110844,흑석2치안센터,20,15,4,1,0,346.9,2,11,40,0,16
3110845,사당종합체육관,22,14,7,1,0,301.9,3,13,34,2,15
3110846,남성역 1번,105,63,40,0,0,344.6,3,88,35,2,81
3110847,예술인마을,19,10,9,0,0,648.0,4,18,33,1,12
3110848,양지어린이공원,46,24,22,0,0,386.0,3,40,36,1,34
3110849,이수역 10번,62,36,26,0,0,368.8,3,47,35,0,53
3110850,사당역 10번,109,59,48,0,0,353.4,3,77,35,2,75
3110851,경문고등학교(동작동성당),28,20,8,0,0,309.5,3,23,36,0,25
3110852,이수역 9번,39,25,14,0,0,326.9,3,29,36,0,31
3110853,KT구로지사,32,16,16,0,0,518.7,4,25,31,1,17
3110854,조원동주민센터,38,16,22,0,0,482.0,4,31,31,0,25
3110855,신대방역 2번,116,42,73,1,0,495.9,4,88,34,2,72
3110856,미성초등학교,71,37,34,0,0,534.3,4,47,34,0,43
3110857,미성동주민센터,39,23,14,2,0,490.6,4,29,35,0,25
3110858,신대방역 1번,26,14,12,0,0,397.3,4,23,33,0,17
3110859,난향초등학교,29,19,9,0,0,365.3,3,21,34,0,20
3110860,호림박물관(성보고등학교),42,19,23,0,0,636.5,5,32,34,2,25
3110861,관악구신사동주민센터,108,41,63,3,0,563.5,4,95,33,1,70
3110862,난곡초등학교(난곡동벽화마을),40,19,21,0,0,351.6,3,25,35,0,26
3110863,난우초등학교,53,34,19,0,0,460.1,3,44,36,1,40
3110864,신림우방아파트,40,19,21,0,0,475.6,4,30,29,0,18
3110865,남강고등학교(남강중학교),63,44,18,1,0,447.9,3,54,41,0,53
3110866,난우중학교,57,28,29,0,0,334.1,3,46,39,2,50
3110867,국제신학대학원대학교(남서울중학교),54,32,22,0,0,427.1,4,43,35,2,38
3110868,남부초등학교,47,27,20,0,0,299.6,3,26,35,2,31
3110869,"신림역 5번(신림동주민센터, 신림동별빛거리)",170,38,132,0,0,480.5,6,109,18,18,52
3110870,신림주공2단지(광신고등학교),5,1,4,0,0,519.3,3,3,26,0,1
3110871,신원동주민센터,44,30,14,0,0,356.0,3,39,37,1,34
3110872,신림초등학교,44,21,23,0,0,331.0,3,38,34,0,34
3110873,당곡중학교,66,40,26,0,0,381.7,3,57,42,0,51
3110874,원신초등학교(구세군관악영문교회),35,25,10,0,0,264.4,2,20,42,0,32
3110875,보라매동주민센터(당곡고등학교),28,18,10,0,0,404.6,3,23,41,3,22
3110876,서원동주민센터(신관중학교),83,38,45,0,0,512.7,4,61,29,1,41
3110877,신림역 8번,115,38,77,0,0,580.0,4,80,34,9,65
3110878,미림여고,30,19,11,0,0,509.7,4,26,37,1,22
3110879,신림현대아파트,40,18,22,0,0,306.9,3,30,36,0,27
3110880,신림역 1번,26,5,21,0,0,578.8,4,20,21,3,4
3110881,구립대학경로당(관악산샘말공원),419,82,337,0,0,533.8,5,354,28,2,172
3110882,신성초등학교,125,46,79,0,0,635.4,4,97,25,3,49
3110883,은천초등학교(은천교앞),75,46,29,0,0,494.0,3,61,37,0,54
3110884,봉천역 4번(봉천110안전센터),101,49,52,0,0,471.0,4,77,36,3,75
3110885,영락고등학교,85,35,50,0,0,447.5,4,65,32,1,46
3110886,관악해태어린이공원,144,24,120,0,0,758.9,5,132,24,1,32
3110887,서울산업정보학교(서울삼성초등학교),54,14,40,0,0,496.2,5,50,24,2,17
3110888,청룡동주민센터,46,18,28,0,0,542.6,4,40,36,4,35
3110889,봉천역 6번,56,24,32,0,0,400.8,4,43,29,2,23
3110890,봉천역 1번(관악초등학교),71,26,45,0,0,529.3,6,49,19,13,27
3110891,구암초등학교,43,25,18,0,0,420.8,3,34,37,1,32
3110892,관악구 중앙길,188,80,106,0,0,387.8,4,143,33,7,106
3110893,관악소방서(문영여고),13,3,10,0,0,1416.6,5,11,31,0,9
3110894,관악동부센트레빌아파트(은천로35라길),12,5,6,1,0,395.3,3,8,32,2,6
3110895,샤로수길,215,72,143,0,0,493.5,4,166,33,5,130
3110896,관악우성아파트,72,31,41,0,0,240.2,3,46,49,1,48
3110897,서울대입구역 8번,86,38,48,0,0,493.2,4,67,33,1,48
3110898,청림동주민센터(상도중학교),39,23,15,1,0,285.6,3,24,42,1,32
3110899,낙성대역 5번(관악중학교),98,35,63,0,0,622.4,5,83,25,2,41
3110900,낙성대역 1번(관악구민 종합체육센터),119,44,75,0,0,621.1,5,101,25,2,44
3110901,인헌고등학교(인헌중학교),45,21,24,0,0,489.4,4,39,31,2,26
3110902,사당역 4번,92,37,55,0,0,495.3,4,78,33,2,58
3110903,방배아이파크아파트,69,22,47,0,0,591.8,4,66,37,0,56
3110904,이수역 5번,46,18,28,0,0,456.3,3,38,37,2,38
3110905,방배노인종합복지관(이수중학교),22,14,7,1,0,420.0,3,20,37,0,20
3110906,서문여고,33,14,19,0,0,585.6,4,30,34,0,28
3110907,방배초등학교,108,36,72,0,0,473.7,3,94,38,0,90
3110908,구반포역,15,7,1,5,0,1815.0,3,13,52,0,14
3110909,남태령역(서울전자고등학교),13,8,5,0,0,202.4,1,11,37,0,8
3110910,내방역 5번,32,10,22,0,0,481.1,4,28,36,1,23
3110911,방배배수지체육공원,6,3,3,0,0,629.0,3,4,23,0,2
3110912,방배동사이길,71,25,46,0,0,651.2,3,63,41,0,55
3110913,방현초등학교(방배119안전센터),54,23,31,0,0,509.8,4,50,37,0,46
3110914,내방역 6번,17,7,10,0,0,429.7,3,15,48,0,13
3110915,서래초등학교,27,5,21,1,0,637.8,2,24,38,0,19
3110916,내방역 4번,56,21,34,0,0,485.4,4,48,34,0,39
3110917,서초소방서,22,6,15,0,0,637.6,4,20,30,0,11
3110918,방배역 3번,22,7,15,0,0,721.8,4,19,36,1,17
3110919,내방역 8번,32,3,29,0,0,398.1,4,26,32,0,18
3110920,방배역 2번(백석예술대학교),5,0,5,0,0,673.4,4,5,34,0,5
3110921,서울프랑스학교,14,3,11,0,0,363.4,3,11,34,0,10
3110922,내방역 1번,14,6,8,0,0,400.2,4,13,32,0,11
3110923,방배역 1번,5,3,2,0,0,794.1,3,5,40,0,5
3110924,반포4동주민센터(몽마르뜨공원),28,4,23,0,0,810.7,4,25,34,1,18
3110925,서초중학교,30,13,17,0,0,776.2,4,29,36,1,26
3110926,신중초등학교,42,7,35,0,0,629.7,5,37,35,2,34
3110927,잠원역,6,1,3,2,0,2730.4,3,4,45,0,5
3110928,서초우방유쉘아파트,11,2,9,0,0,1012.1,5,11,32,0,6
3110929,남부터미널역 1번,73,32,41,0,0,522.9,3,65,37,0,56
3110930,서초동성당,25,6,18,1,0,675.6,4,21,36,0,20
3110931,삼성전자서울R&D(서울우면초등학교),17,12,5,0,0,197.3,1,13,24,1,8
3110932,서울시인재개발원,15,4,11,0,0,566.8,4,13,35,0,10
3110933,한국상담대학원대학교,8,4,4,0,0,930.3,4,8,35,0,8
3110934,우면주공아파트,35,14,20,0,0,478.3,2,27,32,0,25
3110935,한전아트센터,24,6,17,0,0,485.1,4,21,35,0,22
3110936,더케이호텔(양재리본타워2단지아파트),24,4,20,0,0,915.9,5,20,29,1,12
3110937,방아다리근린공원(횃불트리니티신학대학원대학교),12,4,8,0,0,728.2,5,11,35,0,11
3110938,바우뫼공원,48,14,32,0,0,592.7,4,38,34,0,41
3110939,양재역 8번(양재동우체국),139,41,98,0,0,636.6,4,120,34,0,100
3110940,양재근린공원(양재2동주민센터),31,12,19,0,0,664.4,5,25,35,0,25
3110941,언남고등학교,20,7,13,0,0,496.9,4,19,36,0,20
3110942,염곡동 구룡사(포이동성당),176,56,120,0,0,635.9,4,149,34,0,148
3110943,법제교육센터(버들어린이공원),83,27,55,0,0,749.2,5,68,35,2,66
3110944,서울나래학교(염곡어린이공원),20,16,4,0,0,208.9,2,15,34,0,10
3110945,본마을노인복지센터(서초구립내곡도서관),30,13,17,0,0,187.6,1,16,43,1,23
3110946,청계산원터골,34,9,25,0,0,231.6,2,20,46,1,24
3110947,청계산입구역 2번(내곡동주민센터),42,21,21,0,0,231.1,2,25,46,4,29
3110948,헌인가구단지,4,1,3,0,0,114.7,1,0,23,0,1
3110949,한남IC,22,3,18,1,0,620.6,5,19,31,0,14
3110950,논현역 7번,11,0,11,0,0,1055.1,4,11,30,0,6
3110951,신사은행나무공원,35,7,28,0,0,494.7,4,31,30,0,22
3110952,논현목련공원,8,0,8,0,0,452.9,4,5,24,0,3
3110953,학동근린공원,41,11,30,0,0,535.7,2,39,35,0,26
3110954,국기원,27,26,1,0,0,299.9,2,24,38,0,19
3110955,논현초등학교,91,20,71,0,0,549.6,4,78,31,0,54
3110956,언주역 8번,53,45,8,0,0,329.1,2,45,36,1,43
3110957,언북중학교,99,18,80,0,0,498.1,4,95,36,0,71
3110958,역삼역 4번,62,56,6,0,0,327.4,2,58,36,0,48
3110959,신구중학교,24,9,15,0,0,693.1,3,23,35,0,18
3110960,은광여고,12,1,11,0,0,663.0,5,12,31,0,8
3110961,언주역 3번,47,5,42,0,0,628.0,4,40,30,0,25
3110962,도산공원북측,20,6,14,0,0,459.3,2,18,40,0,13
3110963,역삼월드메르디앙아파트,12,3,9,0,0,487.0,4,11,34,0,7
3110964,싸리고개근린공원,9,1,7,1,0,672.9,4,9,28,0,4
3110965,언주역 6번,30,5,25,0,0,657.9,4,29,32,0,18
3110966,논현2동주민센터,76,21,55,0,0,555.6,4,69,34,0,50
3110967,역삼역 8번,34,7,27,0,0,579.8,4,31,29,0,17
3110968,강남구청역 2번,36,4,32,0,0,417.2,2,34,37,0,23
3110969,베르사이유1아파트,25,8,17,0,0,814.7,3,24,25,0,11
3110970,학동초등학교,56,6,50,0,0,435.4,2,54,38,0,44
3110971,선정릉역 4번,39,3,36,0,0,595.5,4,29,26,0,16
3110972,강남세브란스병원미래의학연구센터,10,2,8,0,0,596.0,4,10,32,0,7
3110973,강남구청역 4번,41,7,34,0,0,564.0,4,37,35,0,27
3110974,언주중학교,12,2,10,0,0,510.2,4,11,36,0,10
3110975,매봉역 1번,18,8,10,0,0,546.4,4,13,30,0,11
3110976,언북초등학교,42,12,30,0,0,346.4,3,37,34,0,26
3110977,논현로18길,18,9,9,0,0,469.0,4,16,35,0,15
3110978,도곡2동주민센터(대치중학교),8,2,6,0,0,599.3,3,8,34,0,6
3110979,청담초등학교,24,10,14,0,0,447.2,3,21,25,0,10
3110980,개포지구대옆,31,11,20,0,0,721.7,5,28,35,0,27
3110981,국악고교사거리,60,23,37,0,0,682.2,4,55,34,1,49
3110982,강남구보훈회관,22,6,16,0,0,523.3,4,19,34,0,13
3110983,국립국악고등학교,50,14,36,0,0,661.0,5,44,35,0,40
3110984,포이초등학교(개포목련어린이공원),113,38,75,0,0,736.8,5,111,35,0,96
3110985,청담근린공원,24,2,22,0,0,565.3,3,22,30,0,15
3110986,삼성중앙역 7번,10,2,8,0,0,469.9,4,9,31,0,7
3110987,영동대교남단,8,0,8,0,0,908.7,5,7,23,0,3
3110988,청담역 3번,29,25,2,2,0,358.2,2,28,40,0,20
3110989,대치동아우편취급국,17,4,13,0,0,681.1,4,14,29,0,8
3110990,청담역 12번,12,4,8,0,0,822.7,4,11,33,0,9
3110991,삼성중앙역 5번,8,0,8,0,0,877.2,3,6,33,0,5
3110992,도곡초등학교,50,2,48,0,0,544.5,4,40,30,0,26
3110993,개포지하차도 북측,2,2,0,0,0,1139.2,2,1,43,0,2
3110994,개포고등학교,45,17,28,0,0,633.2,4,40,37,0,41
3110995,봉은사역 4번,54,24,30,0,0,321.6,2,46,37,0,40
3110996,대치2동주민센터,29,11,17,1,0,619.7,3,25,35,0,23
3110997,대청초등학교,143,62,78,3,0,888.6,4,141,37,0,134
3110998,은곡마을(은곡마을공원),10,10,0,0,0,315.3,2,7,18,0,4
3110999,윗방죽마을공원,7,5,2,0,0,230.2,2,5,23,0,3
3111000,대왕초등학교(세곡동사거리서남측),11,11,0,0,0,263.4,1,7,44,0,9
3111001,아래방죽마을공원(율현초등학교),7,6,1,0,0,294.0,1,4,28,0,2
3111002,한국교통안전공단 강남자동차검사소,3,1,2,0,0,376.0,2,1,34,0,2
3111003,삼전역 4번,90,35,55,0,0,698.7,4,77,36,1,74
3111004,삼전역 1번,121,39,80,2,0,711.9,4,109,36,2,96
3111005,삼전역 3번,56,19,37,0,0,706.2,4,51,35,0,49
3111006,석촌고분역 1번,113,52,61,0,0,736.0,4,107,35,4,86
3111007,석촌고분역 4번,39,16,23,0,0,690.8,5,32,35,1,31
3111008,석촌고분역 3번,45,21,24,0,0,526.6,3,33,36,1,40
3111009,송파책박물관,34,17,17,0,0,484.3,3,24,38,3,27
3111010,석촌역 7번,89,32,57,0,0,636.7,4,81,36,1,67
3111011,잠실나루역,4,2,2,0,0,3386.2,5,2,16,0,1
3111012,석촌역 6번,48,22,26,0,0,662.1,4,41,38,1,40
3111013,송파나루역 1번(송리단길),88,30,58,0,0,575.8,4,83,37,0,75
3111014,송파나루역 2번,31,9,21,1,0,673.9,3,24,34,2,21
3111015,석촌역 3번,117,50,66,1,0,678.9,4,113,39,2,104
3111016,송파역 2번,47,26,21,0,0,597.7,4,44,36,1,40
3111017,송파나루역 3번,31,14,17,0,0,895.1,4,30,39,0,29
3111018,풍납초등학교(풍납백제문화공원),51,37,14,0,0,405.4,4,47,35,0,44
3111019,한성백제역 3번,51,26,25,0,0,730.6,4,48,37,0,43
3111020,방이동고분군(방산고등학교),53,23,28,2,0,730.8,4,49,37,1,44
3111021,방이역 4번,156,46,109,1,0,788.5,4,135,35,4,122
3111022,석촌중학교(방이육교),21,13,8,0,0,528.5,4,19,36,0,19
3111023,문정역 1번,35,10,25,0,0,513.2,4,33,36,0,30
3111024,경찰병원역 4번(건너말공원),18,7,11,0,0,393.5,4,11,33,0,13
3111025,경찰병원역 3번,25,14,11,0,0,494.7,4,24,36,0,17
3111026,문정역 2번,80,27,53,0,0,639.5,4,65,35,0,56
3111027,문정초등학교,79,38,41,0,0,556.0,4,68,36,2,66
3111028,문현중학교(장지역 1번),46,17,29,0,0,530.9,4,42,34,2,34
3111029,오금역 4번,39,12,27,0,0,613.3,4,32,35,0,28
3111030,방이역 2번,47,13,34,0,0,687.0,5,39,36,1,33
3111031,장지동주민센터(한림연예예술고교),46,24,22,0,0,700.2,4,38,34,3,31
3111032,방이역 1번,35,10,24,1,0,691.2,4,30,36,0,33
3111033,문정동성당,34,18,16,0,0,486.8,4,31,36,0,30
3111034,오동나무공원(송파레미니스1단지),67,32,35,0,0,682.5,4,60,36,0,56
3111035,오금공원(오주중학교),45,23,22,0,0,495.0,4,36,35,0,37
3111036,투구봉어린이공원,20,8,12,0,0,667.7,4,16,34,0,14
3111037,Sh수협은행 오금동금융센터(아랫말어린이공원),21,10,11,0,0,738.5,4,17,36,0,17
3111038,보인중학교,45,18,26,1,0,664.9,4,30,35,1,36
3111039,벌말어린이공원,51,25,26,0,0,501.3,4,41,35,0,41
3111040,거여초등학교,27,18,9,0,0,438.4,3,19,36,0,20
3111041,거여역 8번,10,5,4,1,0,340.6,3,9,34,0,9
3111042,거여역 1번(거여공원),100,57,42,1,0,488.1,4,91,35,1,92
3111043,마천공원,36,19,17,0,0,467.0,4,31,37,0,32
3111044,남천초등학교,76,49,27,0,0,464.7,4,68,36,0,72
3111045,개미어린이공원,15,12,3,0,0,387.8,3,14,38,0,13
3111046,마천역(마천초등학교),166,105,59,2,0,335.5,3,140,39,1,142
3111047,마천1치안센터,36,22,14,0,0,266.0,3,29,35,0,30
3111048,천호역 1번(천호문구완구거리),51,32,18,0,0,254.6,3,38,38,0,43
3111049,천호지구대(천호동자전거거리),52,26,25,0,0,666.8,3,40,37,3,45
3111050,강동구청(강동구청역 2번),17,7,10,0,0,493.5,4,10,26,0,5
3111051,천호역 6번,114,60,54,0,0,370.6,3,88,37,15,82
3111052,암사역 3번(천호동자전거거리),54,29,24,0,0,488.7,3,37,38,1,38
3111053,성내천어린이공원(하니사랑길),43,17,25,0,0,815.5,4,35,35,2,29
3111054,암사역 4번(삼성광나루아파트),10,1,9,0,0,543.9,4,8,28,2,5
3111055,선사초등학교,15,9,6,0,0,840.0,3,10,27,4,6
3111056,천호태영아파트,9,3,6,0,0,176.9,1,6,34,0,7
3111057,천호공원(해공체육문화센터),92,56,34,0,0,338.0,3,67,43,0,84
3111058,성내중학교,33,15,17,0,0,675.6,5,31,32,1,23
3111059,강동역 4번(강풀만화거리),103,56,47,0,0,449.9,3,81,37,3,80
3111060,암사역 2번(서울강동초등학교),114,66,46,0,0,537.2,4,100,36,1,93
3111061,암사역 1번,75,39,36,0,0,525.8,4,66,36,4,59
3111062,둔촌동역 3번(성내3동주민센터),34,10,24,0,0,663.4,4,27,34,1,24
3111063,강동구립 천호도서관,66,26,40,0,0,285.6,3,36,36,9,44
3111064,둔촌동역 4번,23,12,10,0,0,523.8,5,21,33,0,17
3111065,천일초등학교,16,8,8,0,0,223.8,3,8,34,2,10
3111066,암사동성당(효정하나플러스아파트),69,40,28,0,0,444.4,3,61,38,0,66
3111067,강동구립성내도서관,62,27,35,0,0,588.8,3,43,33,2,37
3111068,강동성심병원,3,3,0,0,0,1832.0,7,3,25,0,1
3111069,천호1동주민센터,39,23,16,0,0,356.4,4,32,35,1,30
3111070,천호초등학교,18,10,7,0,0,394.9,3,12,37,1,12
3111071,천동초등학교,12,8,4,0,0,479.5,3,10,39,0,10
3111072,굽은다리역 1번(십자성마을),44,14,29,0,0,514.9,4,36,34,3,28
3111073,둔촌동역 1번(한산중학교),86,40,45,1,0,609.7,4,76,35,0,68
3111074,명일역 1번,37,21,16,0,0,420.4,3,31,39,0,32
3111075,굽은다리역 2번,32,19,12,1,0,505.7,4,29,36,1,24
3111076,둔촌2동주민센터,29,10,19,0,0,662.7,4,27,38,1,24
3111077,길동주민센터(강동도서관),86,44,42,0,0,617.2,4,78,35,0,66
3111078,굽은다리역 4번,89,39,47,2,0,629.5,4,83,36,0,77
3111079,둔촌고등학교(둔촌중학교),50,19,29,0,0,473.5,3,36,30,5,29
3111080,굽은다리역 3번,34,21,13,0,0,494.7,3,30,36,0,29
3111081,둔촌푸르지오아파트,11,4,7,0,0,879.6,5,8,32,1,6
3111082,중앙보훈병원,17,8,8,0,0,299.5,3,9,18,3,8
3111083,GS강동자이아파트,36,16,18,0,0,654.0,4,32,35,1,28
3111084,길동신동아아파트,6,1,5,0,0,896.8,5,6,38,0,4
3111085,묘곡초등학교(고덕아이파크아파트),51,17,34,0,0,494.8,4,48,38,1,48
3111086,한영중고,54,21,31,0,0,494.0,4,53,40,1,52
3111087,고덕중학교(고덕2동주민센터),29,14,14,0,0,404.6,4,26,38,3,26
3111088,고덕동성당,28,14,14,0,0,468.4,3,28,39,0,28
3111089,상일여고(상일초등학교),84,50,31,1,0,484.0,4,71,38,4,73
3111090,강일동주민센터,5,2,3,0,0,4568.6,10,4,16,0,1
3120001,서대문역,217,89,128,0,0,145.2,2,96,53,0,155
3120002,서촌(경복궁역),277,80,196,0,0,142.1,2,116,37,0,95
3120003,광화문역,145,42,102,1,0,136.8,2,49,60,0,60
3120004,종로구청,50,20,30,0,0,147.4,2,21,42,0,19
3120005,삼청동,296,82,214,0,0,116.0,2,140,53,0,145
3120006,종각역,161,55,106,0,0,98.3,1,29,60,0,52
3120007,북촌(안국역),278,100,178,0,0,89.1,1,101,44,0,113
3120008,인사동,266,93,171,0,0,94.2,1,78,55,0,100
3120009,종로3가역,611,227,382,1,0,104.1,2,178,48,0,217
3120010,원남동사거리,194,59,135,0,0,196.9,2,96,36,0,95
3120011,종로4가,37,23,13,1,0,322.7,3,14,45,0,19
3120012,대학로(혜화역),412,83,329,0,0,281.1,3,253,36,0,230
3120013,이화사거리,137,54,83,0,0,253.8,3,74,36,0,79
3120014,종로5가역,234,107,127,0,0,301.0,3,101,46,0,129
3120015,종로6가,105,44,61,0,0,245.0,3,55,48,0,55
3120016,동대문역,149,66,83,0,0,118.2,2,46,60,0,108
3120017,동묘앞역(동묘),123,49,73,1,0,294.6,3,69,40,0,90
3120018,중림동,121,63,54,3,0,231.6,3,54,56,0,85
3120019,경찰청앞교차로,13,7,6,0,0,135.2,2,2,59,0,9
3120020,시청역_1번,30,16,14,0,0,150.1,2,10,60,0,11
3120021,시청역_8번,22,11,10,1,0,274.6,2,7,60,0,15
3120023,서울시청,6,2,4,0,0,320.4,2,2,65,0,4
3120024,회현역,121,56,65,0,0,298.3,3,71,40,0,80
3120027,명동역(명동재미로),101,38,57,6,0,265.0,3,52,43,2,61
3120028,명동(명동거리),301,175,114,12,0,385.9,4,112,66,1,218
3120030,중부경찰서(영화인의거리),204,86,115,1,0,212.7,3,79,60,0,156
3120031,을지로3가역,475,257,216,2,0,169.8,2,109,63,0,307
3120032,충무로역,446,194,251,1,0,194.2,3,216,52,0,259
3120033,을지로4가역,107,59,47,1,0,118.2,2,24,64,0,77
3120034,중구청(퇴계로4가),174,90,81,3,0,132.3,2,49,65,0,119
3120035,퇴계로5가,98,52,45,1,0,180.5,2,35,62,0,76
3120036,장충동족발거리(남소영길),66,18,48,0,0,299.7,3,40,46,0,54
3120037,동대문역사문화공원역,412,201,206,5,0,135.0,2,159,55,0,276
3120038,약수역,164,74,90,0,0,536.0,4,124,37,1,124
3120039,신당역,276,149,120,7,0,400.6,3,174,42,1,231
3120040,용산전자상가(용산역),250,114,119,12,0,140.8,2,93,52,1,199
3120041,신용산역(용산역),281,92,179,2,0,153.0,2,105,50,2,216
3120042,"숙대입구역(남영역, 남영동)",57,26,25,0,0,253.8,2,20,65,0,56
3120043,서울역,163,67,90,1,0,257.9,3,63,61,0,129
3120044,삼각지역,215,76,132,1,0,127.0,2,90,57,0,182
3120045,남영동 먹자골목,141,56,76,0,0,147.6,2,33,61,0,111
3120046,이태원(이태원역),52,16,36,0,0,272.9,2,35,43,0,42
3120047,한남오거리,203,74,124,0,0,357.3,3,153,45,0,179
3120048,금호역,124,74,49,0,0,209.6,3,77,41,0,108
3120049,왕십리역(왕십리),121,53,68,0,0,473.1,4,81,34,0,72
3120050,서울숲역,61,28,33,0,0,227.6,3,49,32,0,50
3120051,뚝섬역,198,59,137,0,0,287.0,3,136,37,0,172
3120052,성수역,148,58,89,1,0,506.3,3,96,46,0,125
3120053,건대입구역(건대),349,123,219,6,0,380.7,4,302,36,8,278
3120054,어린이대공원역,163,82,75,1,0,374.0,3,103,43,3,134
3120055,군자역,295,117,174,1,0,534.2,4,241,36,11,197
3120056,구의역,157,68,87,0,0,497.4,4,143,39,2,137
3120057,아차산역,184,90,91,2,0,614.8,4,161,37,5,149
3120058,구의사거리,81,42,39,0,0,570.9,3,67,45,1,71
3120059,구삼강변맛길,57,18,39,0,0,497.6,4,45,33,2,35
3120060,강변역(테크노마트),4,3,1,0,0,4263.3,4,3,30,0,2
3120061,올림픽대교북단,53,18,34,1,0,647.9,4,36,33,3,35
3120062,신설동역,285,119,161,4,0,315.3,3,152,50,0,234
3120063,청량리역(청량리),214,116,87,11,0,175.2,2,69,58,0,187
3120064,경희대학교(경희대),153,77,76,0,0,348.0,4,130,36,0,127
3120065,회기역,99,46,52,0,0,382.8,3,54,42,0,78
3120066,장한평역(장한평),279,191,84,3,0,714.2,3,254,41,0,246
3120067,장안동사거리,179,90,87,2,0,877.8,4,165,41,0,162
3120068,사가정역,71,38,32,0,0,453.9,3,53,39,0,57
3120069,상봉역,91,32,57,1,0,338.9,3,57,41,2,68
3120070,한성대입구역,180,97,82,0,0,215.2,3,96,37,7,110
3120071,성북구청,88,35,53,0,0,308.9,4,44,29,7,33
3120072,성신여대,389,187,200,1,0,248.3,3,213,39,8,260
3120073,미아사거리,74,38,35,1,0,229.1,2,40,47,1,65
3120074,안암역,56,17,39,0,0,411.5,4,27,28,3,20
3120075,월곡역,128,57,69,1,0,444.1,4,80,36,3,83
3120076,수유역,341,136,203,1,0,476.8,4,259,37,13,245
3120077,미아역,137,80,57,0,0,335.2,3,104,37,5,105
3120078,미아사거리역,179,76,94,7,0,197.6,3,97,40,6,130
3120079,창동역,51,27,19,5,0,843.9,4,43,34,0,40
3120080,마들역,16,9,4,1,0,2420.0,6,16,37,0,16
3120081,노원역,192,75,100,2,0,976.9,4,155,33,7,126
3120082,상계백병원,18,9,4,1,0,2650.1,6,15,37,0,17
3120083,등나무근린공원,35,10,20,5,0,366.5,3,9,24,1,14
3120084,공릉역,107,47,54,3,0,653.5,4,88,35,5,78
3120085,은행사거리,28,12,4,3,0,3383.2,6,27,32,0,24
3120086,태릉입구역,48,23,25,0,0,464.3,3,35,42,5,33
3120087,응암역,44,11,32,0,0,518.5,5,24,35,4,26
3120088,구산역,53,20,31,1,0,586.2,4,44,35,0,40
3120089,구파발역,8,5,2,1,0,2733.4,5,6,10,4,0
3120090,연신내역,98,41,43,1,0,367.4,3,50,46,1,73
3120091,본서부병원,95,37,54,1,0,641.9,4,66,34,1,60
3120092,불광역,55,23,29,2,0,448.9,3,35,37,0,40
3120093,연희동,142,47,95,0,0,401.1,3,110,48,7,105
3120094,"신촌역(신촌역, 신촌로터리)",552,256,290,3,0,449.8,4,447,35,20,425
3120095,홍제역,145,85,59,1,0,399.9,3,101,47,3,119
3120096,"이화여대(이대역, 이대)",137,78,58,1,0,299.1,3,81,43,5,111
3120097,충정로역,31,13,17,1,0,97.0,2,14,51,2,17
3120098,DMC(디지털미디어시티),3,1,1,0,0,175.6,1,0,13,0,0
3120099,월드컵경기장역(월드컵경기장),5,1,3,1,0,1431.6,3,1,24,0,2
3120100,망원역,83,17,66,0,0,562.5,4,53,26,9,34
3120101,합정역,199,65,132,1,0,454.0,4,149,34,18,125
3120102,서교동(홍대),268,53,215,0,0,597.5,4,220,32,19,162
3120103,홍대입구역(홍대),766,142,617,3,0,477.5,4,622,33,58,477
3120104,연남동(홍대),600,142,454,3,0,351.0,4,448,34,85,378
3120105,상수역(홍대),190,34,156,0,0,267.7,3,135,34,17,109
3120106,마포역,24,19,5,0,0,111.9,2,10,42,2,16
3120107,공덕역(공덕오거리),53,22,30,1,0,155.5,2,25,44,1,37
3120108,신정네거리역,173,94,79,0,0,590.8,3,158,38,0,154
3120109,서울남부지방법원,83,35,47,1,0,558.0,4,70,34,1,56
3120110,목동역 8번출구,153,71,82,0,0,636.0,4,135,34,0,110
3120111,목동사거리,141,65,76,0,0,599.2,4,124,37,1,112
3120112,등촌역,155,75,80,0,0,505.3,3,133,39,1,128
3120113,오목교역,152,53,98,1,0,412.1,4,107,33,2,111
3120114,목동신시가지,27,15,8,1,0,1998.6,3,24,32,0,19
3120115,김포공항역(김포공항),4,2,2,0,0,57.4,1,0,55,0,2
3120116,송정역,59,34,25,0,0,327.0,3,33,48,0,42
3120117,강서농산물도매시장,19,7,3,9,0,3826.6,3,12,19,0,0
3120119,발산역(마곡),47,9,37,1,0,999.5,4,30,28,0,15
3120120,화곡역,140,71,69,0,0,490.5,3,110,35,0,104
3120121,까치산역,94,36,58,0,0,496.0,3,69,39,0,77
3120122,강서구청,213,61,151,1,0,564.2,4,176,37,2,171
3120123,오류동역,55,28,26,1,0,254.2,3,25,39,1,31
3120124,개봉동 현대아파트,138,93,44,1,0,388.6,3,93,42,1,112
3120125,구로역,119,69,44,6,0,387.7,3,70,38,2,81
3120126,디지털단지오거리,54,28,25,0,0,413.5,3,39,48,6,46
3120127,구로구청,31,17,12,1,0,584.6,3,26,38,0,23
3120128,신도림역,15,6,6,3,0,96.0,1,4,41,0,8
3120129,구로디지털단지,18,6,11,1,0,1127.8,7,12,19,2,2
3120130,구로디지털단지역,149,53,95,1,0,820.5,4,117,39,2,115
3120131,가산디지털단지,95,31,61,3,0,330.4,3,55,38,2,61
3120132,독산동,177,55,116,4,0,799.5,3,124,36,6,114
3120133,서울시흥동우체국(홈플러스시흥점),46,21,24,1,0,576.2,3,34,39,1,35
3120134,구로전화국,137,63,73,1,0,654.5,4,123,38,3,105
3120135,양평역,63,34,29,0,0,194.7,3,35,40,1,44
3120136,영등포구청역,312,163,146,3,0,317.2,4,218,35,8,236
3120137,문래역(문래로데오거리),7,5,0,2,0,936.0,2,4,25,0,3
3120138,당산2동(영등포우체국),105,59,45,1,0,438.9,4,59,37,7,75
3120139,대림3동사거리,217,157,58,1,0,485.1,3,194,39,3,191
3120140,문래동주민센터,21,20,1,0,0,346.1,2,18,48,0,20
3120141,영등포청과시장교차로,74,35,39,0,0,228.8,3,36,41,6,50
3120142,대림역,130,56,73,0,0,614.2,4,116,38,9,101
3120143,당산역,149,65,83,1,0,494.9,4,101,36,7,115
3120144,영중로,69,32,36,1,0,182.2,2,32,36,5,37
3120145,영등포역(영등포),424,247,167,10,0,265.9,3,197,49,2,287
3120146,한강성심병원,109,67,42,0,0,485.2,3,76,41,2,84
3120147,보라매역,73,33,40,0,0,556.0,4,46,32,2,40
3120148,국회의사당역(국회의사당),19,13,5,0,0,1129.9,2,12,34,0,9
3120149,여의도역(여의도),45,20,19,5,0,6393.3,8,40,43,0,38
3120151,보라매공원,63,27,36,0,0,379.5,3,42,34,3,37
3120152,신대방삼거리역,112,47,63,1,0,495.5,4,91,40,3,81
3120153,노량진역(노량진),257,90,163,0,0,492.7,4,189,35,7,159
3120154,장승배기역,118,64,50,2,0,452.2,3,87,42,2,93
3120155,총신대학교,26,17,9,0,0,323.6,4,19,32,1,17
3120156,"총신대입구역(이수, 총신대)",250,119,129,1,0,373.7,3,204,37,3,189
3120157,신림역(신림),224,79,142,3,0,524.7,4,199,37,13,161
3120158,녹두거리(대학동),148,55,93,0,0,654.9,4,128,35,3,94
3120159,서울대입구역,197,84,110,3,0,599.1,4,165,40,10,142
3120160,사당역(사당),213,72,138,2,0,589.2,4,185,37,3,167
3120161,방배동가구거리(사당동가구거리),41,20,21,0,0,653.5,4,40,33,0,28
3120162,방배동카페골목,93,33,59,1,0,786.6,4,91,43,0,83
3120163,사당역 11번(사당역먹자골목),39,18,21,0,0,464.2,4,34,35,0,33
3120164,내방역,217,63,154,0,0,641.9,4,191,35,2,144
3120165,서래마을카페거리(서래마을),101,32,67,2,0,751.0,4,87,34,0,63
3120166,방배역,168,61,104,2,0,781.1,4,160,38,2,129
3120167,고속터미널(고속터미널역),18,8,2,5,0,6673.7,5,16,42,0,12
3120168,서울고교교차로,38,7,30,1,0,801.7,4,34,38,0,31
3120169,서초역,118,23,95,0,0,737.8,5,102,33,4,71
3120170,삼호가든사거리,63,15,46,2,0,1137.8,5,60,33,1,50
3120171,서초3동사거리,158,38,119,0,0,759.7,5,146,35,4,113
3120172,교대입구교차로,150,30,119,0,0,896.2,5,136,33,1,91
3120173,교대역(법원.검찰청),308,68,237,1,0,853.7,5,290,34,1,200
3120174,논현역 5번,28,5,23,0,0,646.0,5,26,34,0,20
3120175,남부터미널역,136,51,82,1,0,717.1,4,131,36,1,108
3120176,논현역 4번,57,23,34,0,0,589.3,4,54,35,0,46
3120177,신논현역 1번,69,17,51,1,0,602.7,5,62,34,2,51
3120178,신사역,390,91,297,1,0,716.6,5,364,35,1,260
3120179,양재역,229,76,150,1,0,631.0,4,196,33,1,146
3120180,양재화물트럭터미널앞,9,0,7,2,0,1173.7,5,9,25,0,4
3120181,교육개발원입구사거리,101,30,69,0,0,746.4,5,86,33,0,75
3120182,"양재시민의숲역(양재동꽃시장, aT센터)",168,36,128,3,0,656.4,4,130,34,1,120
3120183,양재천카페거리,114,28,85,0,0,652.3,5,97,34,1,88
3120184,포이사거리(삼호물산),345,102,243,0,0,772.1,5,318,35,2,299
3120185,논현역,293,102,189,2,0,811.6,5,275,35,4,192
3120186,가로수길,380,107,273,0,0,693.0,4,361,33,0,252
3120187,신논현역,310,110,199,0,0,701.9,4,285,35,3,230
3120188,압구정역,219,87,129,3,0,880.5,5,212,36,0,164
3120189,강남역,281,74,205,1,0,969.3,5,270,33,1,167
3120190,강남을지병원,306,91,213,2,0,707.0,5,289,33,0,181
3120191,학동역,309,95,209,5,0,734.4,4,296,34,0,197
3120192,뱅뱅사거리,163,45,117,1,0,752.6,4,150,36,1,116
3120193,도산공원교차로,170,45,124,1,0,675.7,4,145,31,0,91
3120194,언주역(차병원),180,69,111,0,0,677.5,4,164,34,0,119
3120195,성수대교남단,126,48,77,1,0,869.5,5,125,36,0,88
3120196,서울세관,99,23,76,0,0,649.4,4,96,35,0,69
3120197,역삼역,327,77,250,0,0,884.4,5,309,34,0,219
3120198,구역삼세무서,202,50,152,0,0,684.8,4,190,35,0,145
3120199,경복아파트교차로,41,8,32,1,0,886.0,4,38,35,0,27
3120200,학동사거리,315,119,195,1,0,685.6,4,283,30,0,160
3120201,도곡1동,122,39,81,2,0,813.6,4,112,34,0,89
3120202,압구정로데오역(압구정로데오),305,124,178,3,0,790.4,4,282,34,0,197
3120203,강남구청역,152,44,108,0,0,722.9,5,148,36,0,104
3120204,르네상스호텔사거리,31,2,29,0,0,881.1,5,29,33,0,19
3120205,매봉역,166,38,128,0,0,645.2,5,148,34,0,124
3120206,개나리아파트,87,25,62,0,0,813.0,5,78,34,0,59
3120207,선정릉역,209,46,163,0,0,659.0,4,189,34,0,139
3120208,청담사거리(청담동명품거리),323,124,195,4,0,676.9,4,291,31,0,178
3120209,"강남구청(청담역_8번, 강남세무서)",85,38,43,4,0,1002.0,5,78,35,0,64
3120210,선릉역,192,42,150,0,0,878.8,5,171,31,0,105
3120211,도성초등학교,60,17,41,2,0,983.1,5,51,31,0,35
3120212,한티역,78,24,51,3,0,701.0,5,62,32,0,45
3120213,삼성중앙역,210,38,171,1,0,569.8,4,171,33,0,127
3120214,영동대교남단교차로,23,8,15,0,0,782.5,5,21,32,0,13
3120215,포스코사거리,144,33,111,0,0,807.5,5,126,32,0,85
3120216,경기고교사거리(경기고교앞사거리),23,9,12,2,0,1481.5,4,23,38,0,18
3120217,대치사거리,124,22,102,0,0,823.9,5,113,34,0,80
3120219,은마아파트,87,22,64,1,0,885.3,4,78,37,0,67
3120220,대치역,20,8,7,5,0,3157.0,3,19,42,0,15
3120221,봉은사역,76,24,52,0,0,741.2,4,69,35,0,56
3120222,삼성역,69,22,46,1,0,1029.8,4,60,34,0,51
3120223,휘문고교사거리,29,6,22,1,0,1050.6,4,24,34,0,19
3120224,수서역,13,7,3,3,0,1477.4,3,12,32,0,10
3120225,잠실새내역(신천),196,56,138,1,0,726.0,4,185,33,1,125
3120226,석촌고분역,123,44,78,1,0,721.8,4,103,35,7,93
3120227,잠실역,6,4,0,2,0,1527.4,4,5,40,0,4
3120228,석촌역(석촌호수),137,43,93,1,0,763.1,4,114,35,3,107
3120229,방이동먹자골목,121,23,98,0,0,717.6,4,111,35,4,88
3120230,송파사거리(송파역),89,48,39,2,0,694.5,4,86,39,0,81
3120231,가락시장,12,7,0,5,0,529.8,2,7,37,0,8
3120232,송파나루역,42,14,28,0,0,742.4,4,36,37,0,33
3120233,몽촌토성역,25,8,16,1,0,784.8,4,14,31,1,14
3120234,가락시장역,103,42,58,3,0,665.3,4,92,36,1,82
3120235,문정역,15,5,10,0,0,810.4,3,10,34,1,10
3120236,장지역(가든파이브),20,9,11,0,0,831.0,5,19,22,2,9
3120237,경찰병원역,189,66,122,1,0,766.8,5,157,35,2,142
3120238,방이역,47,19,28,0,0,744.7,5,44,35,0,39
3120239,오금역,119,39,78,2,0,684.2,5,92,35,2,84
3120240,개롱역,131,56,71,4,0,711.4,4,120,36,0,115
3120241,거여역,122,43,78,1,0,575.1,4,103,34,4,94
3120242,강동구청역,175,76,97,1,0,616.6,4,149,38,5,136
3120243,천호역,135,68,61,3,0,359.9,3,81,42,4,112
3120244,암사역,72,32,38,0,0,688.1,4,63,37,3,55
3120245,둔촌역,91,37,53,0,0,972.3,4,83,37,0,65
3120246,길동역,130,51,77,2,0,920.5,5,110,34,5,83
3120247,굽은다리역,54,24,26,2,0,754.1,4,48,36,0,41
3120248,명일역,130,50,76,1,0,675.3,4,122,37,3,100
3120249,고덕역,23,6,13,3,0,3131.5,6,22,34,0,22
3130001,통인시장,49,20,28,0,0,78.2,2,20,51,0,22
3130002,세종마을음식문화거리(금천교시장),103,38,65,0,0,82.7,1,27,40,0,36
3130004,낙원시장(낙원지하시장(대일상가)),1,0,0,1,0,43207.9,17,1,58,0,1
3130005,세운상가가동,14,6,7,1,0,279.7,2,5,62,0,10
3130007,광장시장(광장전통시장),81,42,39,0,0,387.6,3,12,60,0,57
3130009,마전교지하쇼핑센터(구 한일상가),10,7,2,1,0,143.6,2,1,51,0,7
3130010,종로신진시장,143,93,50,0,0,105.8,2,29,57,0,89
3130011,충신시장,47,23,24,0,0,322.4,4,28,34,0,24
3130012,"동대문종합시장(동대문종합시장 신관, 동대문종합시장D동상가)",5,1,2,2,0,1358.1,6,5,48,0,3
3130014,동문시장,19,10,8,1,0,244.6,2,9,58,0,15
3130015,창신골목시장,71,41,30,0,0,250.2,3,36,48,0,59
3130018,동대문문구완구거리(동대문문구완구시장),111,60,51,0,0,74.5,1,34,61,0,76
3130020,동묘시장(동묘벼룩시장),87,30,57,0,0,82.0,1,24,51,0,52
3130021,신설종합시장,20,19,1,0,0,117.7,1,5,55,0,20
3130022,숭례문수입상가(남대문시장),1,1,0,0,0,136.8,2,1,46,0,1
3130024,남대문시장(자유상가),114,37,61,16,0,251.2,2,31,66,1,100
3130025,삼익패션타운(남대문시장),5,0,2,3,0,4328.7,10,3,51,0,3
3130031,청계천공구상가,65,43,22,0,0,123.2,2,17,61,0,42
3130032,인현시장,91,54,37,0,0,85.8,2,18,59,0,46
3130034,필동 골목형상점가,7,4,3,0,0,75.6,2,4,32,0,4
3130035,방산종합시장(방산시장),238,152,78,8,0,169.0,2,82,54,0,145
3130036,중부시장(신중부시장),177,114,61,2,0,165.7,2,48,63,0,133
3130038,"평화시장(통일상가, 동화상가)",14,11,3,0,0,212.0,2,4,57,0,9
3130042,약수시장,27,11,15,1,0,549.5,3,16,48,0,21
3130049,신당 미래유산 먹거리 골목형상점가,31,20,11,0,0,109.1,2,13,62,0,27
3130051,동화동 골목형상점가,86,42,43,1,0,660.5,4,67,35,0,63
3130052,서울중앙시장(신중앙시장),170,126,43,1,0,160.7,2,63,56,0,133
3130053,백학시장,94,70,24,0,0,191.2,3,51,37,1,73
3130054,황학동주방가구거리상점가,212,147,63,2,0,171.6,2,88,39,0,142
3130055,"황학시장(서울중앙시장, 신중앙시장)",96,70,26,0,0,180.2,3,54,41,0,73
3130056,용산용문시장,112,66,45,0,0,110.7,2,27,61,0,93
3130057,만리시장,9,4,4,1,0,318.8,2,3,55,0,9
3130058,이촌종합시장,12,7,3,0,0,426.9,2,10,54,0,10
3130059,후암시장,41,22,17,0,0,95.2,2,18,59,0,34
3130060,신흥시장,18,1,4,12,0,3247.6,4,17,56,0,18
3130061,이태원시장,26,17,8,0,0,185.9,2,10,57,0,23
3130062,보광시장,19,10,8,1,0,299.0,3,13,42,0,16
3130063,신금호역 골목형상점가,63,41,22,0,0,261.3,3,37,42,0,55
3130064,금남시장,44,37,7,0,0,75.2,2,10,59,0,43
3130065,무학봉상점가,82,49,33,0,0,341.2,3,65,38,0,73
3130066,행당시장상점가,96,42,54,0,0,384.3,4,72,37,0,77
3130067,왕십리도선동상점가,145,79,66,0,0,258.6,3,91,38,0,121
3130068,마장축산물시장,253,156,94,1,0,296.5,3,162,40,0,215
3130069,"한양대앞상점가(한양시장, 왕십리맛골목)",73,30,38,4,0,494.5,4,64,36,0,56
3130070,뚝섬역상점가,60,21,39,0,0,485.4,3,46,39,0,52
3130072,성동용답상가시장,88,42,45,1,0,364.5,4,74,35,0,71
3130073,뚝도시장,59,46,12,1,0,112.5,2,23,56,0,57
3130074,영동교골목시장,27,23,4,0,0,148.7,2,15,40,0,24
3130075,노룬산시장(노룬산골목시장),28,21,6,1,0,191.9,3,24,41,0,26
3130076,능동로골목시장,37,28,9,0,0,231.1,3,27,41,0,35
3130077,조양시장,2,1,0,1,0,3510.3,3,2,44,0,2
3130078,화양제일골목시장,21,13,8,0,0,300.9,3,16,37,1,16
3130079,한아름시장,4,3,1,0,0,295.8,3,3,35,0,3
3130080,자양종합시장(기능상실),3,0,2,1,0,382.7,3,3,43,0,2
3130081,자양골목전통시장(자양골목시장),32,23,8,0,0,336.7,3,31,37,0,29
3130082,면곡골목시장,6,6,0,0,0,357.1,3,5,41,0,6
3130083,"중곡제일시장(중곡제일골목시장, 광성시장)",89,58,28,3,0,421.2,3,70,43,4,79
3130084,신성시장(신성골목시장),18,12,6,0,0,438.1,3,13,50,0,16
3130085,용두시장,17,11,5,1,0,70.3,1,6,58,0,10
3130086,서울약령시장,457,347,106,3,0,182.8,2,243,42,0,395
3130087,경동광성상가(경동시장),41,36,5,0,0,93.1,1,6,63,0,33
3130088,경동시장,5,1,2,2,0,4397.5,4,4,43,0,5
3130089,청량리수산시장,47,34,12,1,0,76.0,1,14,53,0,42
3130090,청량리종합시장,64,51,12,0,0,99.0,1,23,65,0,50
3130091,청량종합도매시장,105,88,17,0,0,65.4,1,24,55,0,91
3130092,청량리농수산물시장,81,70,11,0,0,73.2,1,13,63,0,74
3130093,동서시장,6,0,0,6,0,533.8,1,1,54,0,5
3130094,청량리청과물시장,49,38,9,2,0,168.6,2,9,61,0,41
3130095,청량리전통시장,96,62,34,0,0,69.4,1,8,65,0,80
3130096,동부시장,16,5,10,1,0,491.8,3,13,42,0,14
3130097,답십리 건축자재시장,87,64,23,0,0,209.4,3,58,38,0,79
3130098,회기시장,43,28,15,0,0,330.8,3,23,41,0,34
3130099,전농로터리시장,53,34,15,3,0,197.0,2,25,57,0,50
3130100,답십리시장,67,49,18,0,0,211.4,3,43,43,0,58
3130101,답십리현대시장,35,23,12,0,0,140.2,2,17,42,0,26
3130102,이문제일시장,15,8,4,3,0,311.0,2,6,53,0,12
3130103,이경시장,43,31,11,1,0,221.4,3,30,51,0,41
3130104,전곡시장,31,23,8,0,0,600.0,4,29,42,0,29
3130105,장미제일시장(중화동제일시장),23,7,16,0,0,248.4,3,21,40,0,21
3130106,중랑동부시장,61,28,33,0,0,455.5,4,50,36,0,48
3130107,중랑동부시장(중랑교종합상가),5,0,4,1,0,494.1,4,5,31,0,3
3130108,태능엔터피아(태릉시장),25,14,10,1,0,388.2,4,21,35,0,20
3130109,묵1동도깨비시장,45,21,24,0,0,320.4,2,33,44,0,41
3130110,면목골목시장(면목시장),80,52,27,1,0,483.1,3,70,39,0,75
3130111,"동원전통종합시장(동원시장, 동원전통시장 상점가)",72,52,19,1,0,481.8,3,58,46,0,65
3130112,사가정시장,72,57,15,0,0,304.2,3,54,40,0,65
3130113,신아타운,1,1,0,0,0,11314.3,10,1,26,0,0
3130114,유영시장,3,0,2,1,0,422.2,4,3,40,0,3
3130115,우림골목시장,109,61,47,1,0,326.1,3,96,39,1,94
3130116,동성타워프라자,6,3,3,0,0,408.6,4,6,32,0,4
3130117,정릉시장,76,41,35,0,0,232.5,2,31,46,1,54
3130118,정릉골 골목형상점가,27,14,13,0,0,645.5,3,20,35,0,20
3130119,정릉아리랑시장,53,31,22,0,0,71.3,2,18,41,3,38
3130120,돈암시장(돈암제일시장),43,30,13,0,0,85.9,1,9,49,1,18
3130121,길음시장,4,3,1,0,0,962.0,4,4,49,0,4
3130122,밤나무골시장,10,5,5,0,0,411.7,3,6,57,0,9
3130123,꿈의숲 장곡 골목형상점가,15,10,5,0,0,280.2,3,14,39,2,13
3130124,번동시장,19,11,7,1,0,403.8,3,15,34,2,13
3130125,장위전통시장,50,35,14,1,0,207.8,2,25,53,0,47
3130126,새석관시장,4,0,4,0,0,226.9,2,2,52,0,3
3130127,석관시장,9,8,1,0,0,246.8,3,7,45,0,7
3130128,돌곶이시장(석관황금시장),35,24,11,0,0,139.3,2,25,51,2,29
3130129,장미원골목시장,26,22,4,0,0,358.2,2,18,44,0,25
3130130,수유북부골목시장,1,0,0,1,0,995.4,2,1,41,0,1
3130131,동북프라자,10,7,2,1,0,480.3,3,7,47,0,8
3130132,삼양골목시장(삼양시장),70,50,19,1,0,276.1,3,39,41,6,52
3130133,우이골목시장(우이시장),50,31,18,0,0,354.9,2,35,41,0,44
3130134,"솔샘시장(미아6,7동골목시장)",41,29,11,0,0,300.0,3,30,50,0,40
3130135,수유중앙골목시장(수유중앙시장),46,25,18,2,0,383.5,3,39,38,1,40
3130136,수유재래시장,4,3,0,1,0,1089.8,4,4,40,0,4
3130137,"수유전통시장(수유시장, 수유골목시장)",74,51,22,1,0,281.2,2,38,52,0,66
3130139,강북종합전통시장(강북종합골목시장),73,44,29,0,0,359.6,3,56,40,2,62
3130140,숭인시장,51,37,13,1,0,239.2,2,23,48,2,41
3130141,강북북부골목시장,29,21,8,0,0,274.1,3,22,46,1,24
3130142,강북북부시장,1,0,0,1,0,2903.8,2,1,55,0,1
3130143,방천골목시장,27,22,4,1,0,290.8,3,19,39,1,24
3130144,백운시장,22,20,2,0,0,98.4,2,8,48,0,18
3130145,쌍문역둘리상점가,23,12,11,0,0,477.0,4,20,37,0,20
3130146,쌍문시장(쌍문역골목시장),132,72,60,0,0,399.6,3,113,37,0,107
3130147,쌍문역동측상점가,57,38,18,1,0,367.3,3,47,38,1,48
3130148,방학동도깨비시장,61,51,10,0,0,374.2,4,58,37,0,60
3130149,창동신창시장,52,34,18,0,0,378.0,3,47,37,0,47
3130150,창동골목시장,41,29,12,0,0,299.8,3,34,37,1,35
3130151,신도봉시장,6,4,1,1,0,568.0,3,5,37,0,6
3130152,오!도봉거리 상점가,37,23,14,0,0,299.1,3,30,37,0,31
3130153,창동역상점가,14,7,7,0,0,2836.6,7,11,35,0,10
3130154,상계주공1단지(가)상가,5,3,1,1,0,1681.3,2,3,38,0,5
3130155,시영B상가(중계 그린아파트 B 상가),1,0,0,1,0,4128.5,2,1,36,0,1
3130156,시영2단지 무지개종합상가(중계 무지개2단지아파트상가),1,1,0,0,0,4635.5,2,1,35,0,1
3130157,상계중앙시장,62,45,13,0,0,269.3,3,57,39,0,55
3130159,공릉동 도깨비시장,49,34,12,1,0,472.9,3,41,39,2,41
3130160,수일시장,45,28,10,2,0,138.8,2,19,55,0,43
3130161,증산종합시장,4,1,1,1,0,675.6,3,3,36,0,4
3130162,증산골목시장,9,6,2,1,0,413.6,3,6,50,0,7
3130163,응암오거리상점가,69,30,34,2,0,432.7,3,44,42,0,57
3130164,역촌중앙시장,1,0,0,1,0,4911.8,3,1,56,0,1
3130165,"대림골목시장(대림시장, 양지시장)",31,24,5,0,0,342.5,3,19,51,1,28
3130166,응암시장(신응암시장),39,16,20,1,0,335.3,3,30,46,0,31
3130167,연신내상점가(연빛거리),198,71,123,0,0,402.3,3,140,35,3,139
3130168,연서시장,22,16,5,0,0,382.5,2,12,47,0,14
3130169,대조시장,60,29,29,0,0,351.0,3,36,39,3,42
3130170,제일시장,15,4,9,1,0,448.2,3,5,59,0,10
3130171,불광먹자골목 골목형상점가,109,46,60,0,0,360.3,3,68,41,2,77
3130172,모래내시장(서중시장),60,48,12,0,0,361.6,3,38,56,2,55
3130174,연희사러가,1,1,0,0,0,3718.9,2,1,56,0,1
3130175,신촌 상인회(신촌상점가),13,8,5,0,0,183.4,3,6,64,0,12
3130176,유진상가,33,27,6,0,0,226.1,3,15,55,0,32
3130177,인왕시장(홍제골목형상점가),33,19,5,9,0,267.4,2,21,51,0,30
3130178,이대 앞 스타트업 상점가,31,20,11,0,0,247.1,3,24,39,0,28
3130179,"이화여대 3,5,7길 상점가",114,66,44,3,0,270.1,3,64,45,0,94
3130180,포방터시장,76,51,25,0,0,258.5,3,51,41,2,68
3130181,아현가구거리상점가,89,70,18,0,0,119.2,2,27,58,2,71
3130182,영천시장,99,56,43,0,0,261.4,3,49,55,1,76
3130183,상암동상점가,168,30,137,0,0,206.0,3,66,28,24,69
3130184,마포농수산물시장,4,1,0,3,0,370.5,1,1,24,0,0
3130185,망원월드컵시장,33,21,12,0,0,342.2,3,26,42,1,27
3130186,망원시장,52,27,24,0,0,483.7,4,43,34,6,38
3130187,영진시장,8,2,6,0,0,346.1,4,4,19,1,3
3130189,서교시장,5,2,3,0,0,475.2,2,2,34,0,3
3130190,홍대소상공인상점가,84,23,61,0,0,410.3,4,63,32,4,47
3130191,홍대 걷고싶은 거리,155,41,114,0,0,297.8,4,110,34,10,107
3130192,동진시장,4,4,0,0,0,178.1,2,2,56,0,4
3130193,신수시장,9,4,4,1,0,291.9,2,5,49,0,7
3130194,용강동 상점가,126,48,78,0,0,407.6,4,75,38,9,90
3130195,도화동 상점가,210,95,111,1,0,198.5,3,110,42,6,146
3130196,공덕시장,1,1,0,0,0,1501.7,2,0,59,0,1
3130197,마포시장,21,9,10,0,0,490.3,4,11,33,0,13
3130198,아현시장,84,63,20,0,0,118.3,2,32,41,7,50
3130199,신월3동 골목시장,19,17,2,0,0,161.9,2,12,41,0,18
3130200,"신월7동 골목시장(약수시장, 우성상가)",6,3,2,1,0,1333.4,3,6,36,0,5
3130201,월정로시장,13,12,1,0,0,256.0,3,13,39,0,13
3130202,신영시장,46,40,6,0,0,287.0,3,43,38,0,42
3130203,서서울 골목형상점가,26,19,7,0,0,327.8,3,22,37,0,24
3130204,경창시장,22,13,9,0,0,691.9,3,19,37,0,18
3130205,신곡종합시장(신월6동 골목시장),28,18,9,1,0,299.0,3,22,41,0,22
3130206,신정3동 골목시장,7,6,1,0,0,482.6,3,7,42,0,7
3130207,신정1동 골목시장(신정제일시장),21,18,2,1,0,210.8,2,15,49,0,21
3130208,목동깨비시장(목3동시장),49,27,22,0,0,663.8,4,44,39,0,41
3130209,목사랑시장(목4동시장),17,8,9,0,0,406.2,3,16,38,0,15
3130210,목2동시장,56,33,23,0,0,493.3,3,48,42,0,49
3130211,신정2동 골목시장(오목교중앙시장),21,15,6,0,0,224.5,3,14,34,0,18
3130212,공항시장,40,19,16,4,0,62.0,1,7,56,0,30
3130213,방신전통시장,38,25,13,0,0,352.8,3,31,40,0,32
3130214,송화벽화시장(송화골목시장),37,26,9,1,0,795.6,3,35,41,0,29
3130215,대원종합시장,1,0,0,1,0,2739.8,2,1,47,0,1
3130216,화곡중앙시장,40,29,10,1,0,325.5,3,27,51,1,37
3130217,화곡본동시장,27,22,5,0,0,411.1,3,18,46,0,24
3130218,신월중앙시장,12,3,9,0,0,788.8,5,7,28,0,4
3130219,까치산시장,49,27,22,0,0,409.6,3,28,51,0,38
3130220,등마루시장,7,1,5,1,0,2013.5,10,6,14,0,1
3130221,"남부골목시장(남부화곡시장, 남부시장)",85,55,28,1,0,542.1,3,76,43,0,77
3130222,오류시장,26,20,6,0,0,329.6,3,13,55,0,21
3130223,고척근린시장,30,21,9,0,0,378.4,3,28,38,0,25
3130225,개봉중앙시장,37,21,16,0,0,434.7,3,23,42,0,30
3130226,고척프라자,7,5,1,1,0,659.8,4,7,37,0,7
3130227,고척골목시장상점가(그라운드 고척),33,23,9,0,0,592.0,3,29,43,0,27
3130228,구로시장,32,28,4,0,0,141.2,1,1,58,0,6
3130229,남구로시장,70,58,11,1,0,327.9,3,50,42,1,59
3130230,가리봉시장,10,6,4,0,0,376.3,2,9,47,2,8
3130231,독산동 우시장,26,7,16,3,0,698.1,2,16,43,0,21
3130232,독산동 맛나는거리상점가(독산동 맛나는거리),24,9,15,0,0,317.4,3,15,35,0,17
3130233,남문시장,23,15,8,0,0,485.6,3,22,41,0,22
3130234,푸른터시장(기능상실),1,0,0,1,0,9425.9,10,1,20,0,0
3130235,대명여울빛거리시장(대명시장),65,44,21,0,0,370.9,3,51,48,1,60
3130236,비단길현대시장(현대시장),63,52,11,0,0,314.3,3,54,40,0,57
3130237,박미시장(기능상실),3,2,0,1,0,1344.9,3,3,46,0,2
3130238,은행나무시장,34,21,13,0,0,262.9,3,30,38,1,25
3130239,양남시장,83,49,34,0,0,225.8,3,47,42,4,60
3130240,영등포유통상가,30,24,6,0,0,260.0,3,18,35,1,26
3130241,선유도역 골목형상점가,55,20,35,0,0,480.1,3,35,35,4,33
3130242,대림중앙 골목형상점가,18,7,11,0,0,333.5,4,15,32,3,9
3130243,도림시장,28,9,14,5,0,159.8,2,11,22,2,12
3130244,대림중앙시장,39,26,13,0,0,246.2,3,33,40,3,29
3130245,영일시장,57,42,14,1,0,50.9,1,10,54,0,44
3130246,영등포청과시장(조광시장),146,105,41,0,0,153.0,2,62,43,4,101
3130247,우리시장,14,8,6,0,0,177.2,2,9,42,0,11
3130248,영등포역지하도상점가,50,15,33,2,0,303.2,4,19,27,2,19
3130250,삼구시장(로타리상가),1,0,1,0,0,558.3,2,0,60,0,1
3130253,영신상가(제일상가),2,1,0,1,0,7450.2,4,2,56,0,2
3130255,영등포전통시장,136,103,31,2,0,80.6,1,23,60,3,87
3130256,신동시장,27,17,9,1,0,60.6,1,4,57,1,25
3130257,영등포시장기계공구상가,95,82,13,0,0,112.9,2,32,60,0,68
3130258,영진시장A동,2,0,0,2,0,1426.6,1,2,56,0,2
3130259,대신시장,1,0,1,0,0,1574.8,4,1,54,0,1
3130260,신대방1동골목상권,24,16,7,0,0,350.5,3,18,48,0,23
3130261,성대전통시장(성대시장),76,43,30,1,0,451.0,3,60,40,1,58
3130262,상도도깨비 골목형상점가,26,21,5,0,0,301.6,2,19,43,0,24
3130263,신노량진시장(기능상실),14,11,3,0,0,351.1,2,8,55,0,10
3130264,상도약수골목형상점가,32,15,16,1,0,304.6,4,27,31,1,21
3130265,노량진중앙시장,24,7,17,0,0,463.4,3,18,39,1,18
3130266,만양로상점가,25,14,11,0,0,247.0,3,7,60,0,20
3130267,본동인정시장(기능상실),60,39,21,0,0,266.6,3,37,41,0,40
3130268,상도전통시장,48,21,27,0,0,478.8,3,32,37,2,28
3130270,흑석시장,23,21,2,0,0,136.9,2,8,54,0,21
3130271,남성역골목시장,79,50,28,1,0,344.3,3,67,40,0,68
3130272,사당시장,12,9,2,1,0,189.7,2,7,52,0,10
3130273,남성사계시장(남성시장),77,51,25,0,0,271.1,3,30,51,2,57
3130274,사당1동먹자골목상점가(사당1동먹자골목),58,18,39,0,0,370.2,4,52,33,0,40
3130275,강남골목시장,13,7,6,0,0,493.3,4,12,37,0,11
3130276,신림중앙시장(조원동 펭귄시장),1,0,0,1,0,6280.3,2,1,48,0,1
3130277,조원동 펭귄시장(신림중앙시장),31,19,12,0,0,431.8,3,26,40,1,22
3130278,미성동 도깨비시장 골목형상점가,28,18,10,0,0,268.6,3,22,36,0,21
3130279,관악신사시장,35,20,15,0,0,574.5,4,30,33,0,24
3130280,신림종합시장,5,0,4,1,0,647.1,4,5,18,0,1
3130281,우림시장,12,5,6,1,0,265.6,2,10,50,0,10
3130282,난곡 골목형상점가,10,4,6,0,0,344.1,3,8,32,0,7
3130283,신원시장,38,28,10,0,0,325.1,3,34,39,1,33
3130284,관악종합시장(신원시장),1,0,1,0,0,2036.4,2,0,57,0,1
3130285,서원동상점가,85,35,50,0,0,473.7,4,73,41,0,72
3130286,신신림시장(삼성동시장),3,3,0,0,0,89.2,1,1,57,0,3
3130287,삼성동 시장(삼성동시장),7,5,2,0,0,140.4,2,3,51,0,7
3130288,신림현대종합상가,5,2,2,1,0,397.1,3,5,33,0,5
3130289,봉일시장,2,0,0,2,0,9549.3,5,2,38,0,1
3130290,영림시장,138,70,66,2,0,483.5,3,98,41,9,115
3130291,봉천제일종합시장,4,1,2,1,0,485.1,2,2,50,1,3
3130292,봉천현대시장,30,19,10,1,0,423.6,4,18,29,1,12
3130293,봉천중앙시장,9,7,2,0,0,354.2,2,5,50,0,7
3130294,관악중부시장,46,32,13,1,0,331.4,2,21,53,1,37
3130295,인헌시장(원당종합시장),96,62,34,0,0,406.2,4,79,38,1,73
3130296,남부종합시장,2,1,0,1,0,3100.0,2,1,47,0,2
3130301,양재시장,12,4,7,1,0,625.8,5,11,35,0,10
3130303,영동전통시장,45,14,31,0,0,433.5,3,39,37,0,34
3130304,신사상가,9,4,1,4,0,1058.0,1,9,50,0,9
3130305,논현종합시장,4,0,3,1,0,1169.7,4,3,30,0,2
3130306,강남언주로,42,9,33,0,0,658.6,5,42,31,0,31
3130307,도곡시장,2,0,2,0,0,579.9,4,2,51,0,2
3130309,은마종합상점가,1,0,0,1,0,28723.6,3,1,47,0,1
3130310,강남개포시장,15,7,8,0,0,2473.9,5,15,42,0,14
3130311,새마을시장,77,45,32,0,0,620.2,3,74,39,0,65
3130312,석촌시장,52,26,26,0,0,605.5,3,52,40,1,47
3130313,방이시장,76,40,36,0,0,747.2,4,69,35,4,54
3130314,풍납시장,87,64,23,0,0,289.8,3,74,39,0,78
3130315,문정동 로데오거리 상점가(문정동 로데오거리),118,76,40,2,0,556.3,4,107,35,1,106
3130316,마천시장,9,4,4,1,0,201.6,2,6,46,0,9
3130317,마천중앙시장,50,42,8,0,0,299.6,3,41,41,0,46
3130318,로데오거리상점가,97,40,54,2,0,174.5,3,35,55,0,83
3130319,성내전통시장,20,12,8,0,0,432.8,3,19,36,0,17
3130320,암사종합시장,36,25,10,1,0,745.9,3,30,42,2,30
3130321,장신구 특화거리 상점가,39,20,19,0,0,651.5,4,37,36,1,32
3130322,고분다리전통시장,18,9,9,0,0,368.1,3,16,37,2,16
3130323,둔촌역전통시장,17,10,7,0,0,633.4,4,13,37,0,12
3130324,길동복조리시장,21,15,6,0,0,555.9,4,19,36,2,18
3130325,명일전통시장,8,7,1,0,0,844.3,3,8,44,0,7
3130326,고덕 골목형상점가,8,3,5,0,0,1503.9,5,7,36,1,6
